Sensor,Time/s,Reading
C3,0,3961.81
C3,1,-1376.85
C3,2,-2033.52
C3,3,1115.48
C3,4,148.15
C3,5,24.15
C3,6,42.48
C3,7,-279.85
C3,8,84.48
C3,9,265.81
C3,10,-614.85
C3,11,-1074.52
C3,12,-734.85
C3,13,323.15
C3,14,-133.52
C3,15,87.48
C3,16,39.15
C3,17,31.81
C3,18,992.81
C3,19,924.15
C3,20,-734.52
C3,21,579.48
C3,22,-705.52
C3,23,-1224.19
C3,24,372.81
C3,25,2470.81
C3,26,2029.48
C3,27,-485.52
C3,28,-1374.19
C3,29,-2678.52
C3,30,-735.52
C3,31,-467.19
C3,32,-972.19
C3,33,927.48
C3,34,-267.19
C3,35,-1319.19
C3,36,-552.19
C3,37,620.15
C3,38,547.81
C3,39,-1724.52
C3,40,414.15
C3,41,-416.85
C3,42,666.81
C3,43,-633.85
C3,44,-962.19
C3,45,-2215.52
C3,46,-426.52
C3,47,603.15
C3,48,-90.85
C3,49,-551.85
C3,50,787.81
C3,51,1112.48
C3,52,764.81
C3,53,951.48
C3,54,1398.15
C3,55,-658.19
C3,56,-1026.52
C3,57,-1954.85
C3,58,-2073.19
C3,59,-1185.85
C3,60,1402.15
C3,61,423.15
C3,62,1376.15
C3,63,-2062.85
C3,64,1244.81
C3,65,3.48
C3,66,-210.19
C3,67,-65.85
C3,68,-97.19
C3,69,79.15
C3,70,117.15
C3,71,-235.19
C3,72,15.48
C3,73,120.48
C3,74,46.48
C3,75,-127.85
C3,76,-195.85
C3,77,283.15
C3,78,-86.52
C3,79,-223.19
C3,80,-200.52
C3,81,-92.85
C3,82,89.15
C3,83,-571.85
C3,84,57.48
C3,85,277.81
C3,86,-254.52
C3,87,30.81
C3,88,-272.85
C3,89,197.48
C3,90,-45.19
C3,91,126.48
C3,92,452.15
C3,93,-786.19
C3,94,1337.15
C3,95,-582.85
C3,96,-127.52
C3,97,474.48
C3,98,1102.15
C3,99,188.48
C3,0,3215.78
C3,1,161.78
C3,2,-975.89
C3,3,-163.22
C3,4,-171.22
C3,5,-168.89
C3,6,-135.22
C3,7,-304.55
C3,8,-394.55
C3,9,623.78
C3,10,780.45
C3,11,-637.55
C3,12,145.78
C3,13,-1300.22
C3,14,-971.22
C3,15,-1333.89
C3,16,-1036.55
C3,17,-1058.22
C3,18,-258.55
C3,19,-365.89
C3,20,-176.22
C3,21,1427.78
C3,22,332.11
C3,23,-2448.55
C3,24,-644.55
C3,25,2168.78
C3,26,2257.45
C3,27,372.45
C3,28,98.45
C3,29,-126.89
C3,30,-586.89
C3,31,1582.78
C3,32,1075.45
C3,33,258.45
C3,34,-346.89
C3,35,231.45
C3,36,-748.55
C3,37,-4752.22
C3,38,-950.89
C3,39,1741.11
C3,40,2407.45
C3,41,-1131.55
C3,42,-714.22
C3,43,-2160.89
C3,44,-1484.22
C3,45,-1476.89
C3,46,659.11
C3,47,1185.78
C3,48,-171.55
C3,49,-1853.55
C3,50,-1066.89
C3,51,-400.22
C3,52,-1855.89
C3,53,-652.22
C3,54,867.78
C3,55,312.78
C3,56,-1042.22
C3,57,-558.89
C3,58,1729.11
C3,59,797.11
C3,60,570.45
C3,61,3228.45
C3,62,248.45
C3,63,-135.55
C3,64,243.45
C3,65,141.45
C3,66,-86.22
C3,67,-241.22
C3,68,-196.89
C3,69,-96.55
C3,70,-4.55
C3,71,-33.22
C3,72,-12.55
C3,73,134.45
C3,74,175.45
C3,75,62.78
C3,76,-309.22
C3,77,-38.55
C3,78,-10.22
C3,79,741.45
C3,80,-803.22
C3,81,91.78
C3,82,94.78
C3,83,-334.55
C3,84,-11.22
C3,85,-1127.22
C3,86,-122.55
C3,87,-264.55
C3,88,-44.89
C3,89,-97.55
C3,90,-344.89
C3,91,19.45
C3,92,146.45
C3,93,-426.89
C3,94,-252.55
C3,95,-119.89
C3,96,33.11
C3,97,-48.89
C3,98,78.45
C3,99,-43.55
C3,0,4272.35
C3,1,-2817.65
C3,2,-1436.98
C3,3,-382.31
C3,4,59.35
C3,5,-134.98
C3,6,-611.65
C3,7,-580.98
C3,8,627.02
C3,9,469.35
C3,10,-1574.98
C3,11,-1526.65
C3,12,-1135.65
C3,13,-249.65
C3,14,-1449.31
C3,15,-768.31
C3,16,1292.69
C3,17,393.35
C3,18,-230.98
C3,19,-177.98
C3,20,17.69
C3,21,372.69
C3,22,246.35
C3,23,955.35
C3,24,287.02
C3,25,-246.65
C3,26,-1402.98
C3,27,-112.65
C3,28,-1161.65
C3,29,389.69
C3,30,3098.02
C3,31,843.35
C3,32,-434.31
C3,33,-1629.98
C3,34,-841.98
C3,35,-1068.31
C3,36,-1575.65
C3,37,902.35
C3,38,-1061.31
C3,39,568.69
C3,40,-463.65
C3,41,-1115.31
C3,42,-49.31
C3,43,390.35
C3,44,2556.69
C3,45,-1549.65
C3,46,-2067.98
C3,47,-698.65
C3,48,-113.98
C3,49,379.35
C3,50,184.02
C3,51,-1481.31
C3,52,-531.98
C3,53,-177.65
C3,54,690.69
C3,55,-582.98
C3,56,-1116.65
C3,57,-1168.65
C3,58,-1243.65
C3,59,-859.98
C3,60,3184.02
C3,61,454.35
C3,62,-806.65
C3,63,67.35
C3,64,-65.98
C3,65,-42.31
C3,66,-170.31
C3,67,-139.65
C3,68,16.69
C3,69,187.35
C3,70,-18.98
C3,71,15.35
C3,72,-137.98
C3,73,26.35
C3,74,-302.65
C3,75,37.35
C3,76,-63.98
C3,77,-368.65
C3,78,-66.31
C3,79,-82.31
C3,80,188.35
C3,81,-456.65
C3,82,0.35
C3,83,-197.65
C3,84,74.69
C3,85,-56.98
C3,86,-36.98
C3,87,231.69
C3,88,15.35
C3,89,-310.65
C3,90,8.02
C3,91,-4.98
C3,92,-129.31
C3,93,7.35
C3,94,-173.31
C3,95,-2.31
C3,96,-14.65
C3,97,8.02
C3,98,-198.65
C3,99,137.02
C3,0,3463.61
C3,1,-2726.39
C3,2,206.94
C3,3,-236.06
C3,4,236.94
C3,5,-477.06
C3,6,84.94
C3,7,311.27
C3,8,-81.06
C3,9,-374.39
C3,10,-2332.73
C3,11,-364.06
C3,12,2142.94
C3,13,122.27
C3,14,1233.61
C3,15,-393.39
C3,16,48.27
C3,17,-67.73
C3,18,78.27
C3,19,-792.73
C3,20,-726.73
C3,21,282.61
C3,22,67.27
C3,23,220.94
C3,24,124.27
C3,25,-579.73
C3,26,-1084.73
C3,27,485.27
C3,28,779.61
C3,29,-732.73
C3,30,527.61
C3,31,838.27
C3,32,-566.73
C3,33,-1676.06
C3,34,-740.39
C3,35,-319.06
C3,36,63.27
C3,37,-531.73
C3,38,-159.73
C3,39,-608.06
C3,40,-3111.73
C3,41,-2076.39
C3,42,-1116.06
C3,43,2622.27
C3,44,1618.94
C3,45,-667.73
C3,46,-448.73
C3,47,-155.06
C3,48,2321.94
C3,49,1413.27
C3,50,-1034.39
C3,51,-907.39
C3,52,636.94
C3,53,1024.94
C3,54,124.61
C3,55,-662.39
C3,56,155.61
C3,57,-920.39
C3,58,-2393.06
C3,59,-505.39
C3,60,-481.39
C3,61,2323.94
C3,62,1378.61
C3,63,610.27
C3,64,-2086.73
C3,65,247.27
C3,66,67.27
C3,67,-66.39
C3,68,-130.06
C3,69,18.61
C3,70,-17.06
C3,71,24.27
C3,72,-211.06
C3,73,47.61
C3,74,54.61
C3,75,-546.73
C3,76,-396.06
C3,77,-65.06
C3,78,-22.06
C3,79,-128.06
C3,80,88.61
C3,81,153.94
C3,82,167.94
C3,83,-12.39
C3,84,-134.73
C3,85,-40.06
C3,86,-234.06
C3,87,-21.73
C3,88,-361.39
C3,89,57.61
C3,90,-344.73
C3,91,44.27
C3,92,314.94
C3,93,66.94
C3,94,365.27
C3,95,-236.73
C3,96,103.61
C3,97,-111.39
C3,98,-583.39
C3,99,-90.06
C3,0,4437.09
C3,1,-1132.58
C3,2,-263.25
C3,3,95.75
C3,4,-173.25
C3,5,141.75
C3,6,-65.58
C3,7,-1267.25
C3,8,24.09
C3,9,118.09
C3,10,532.09
C3,11,-1135.91
C3,12,-1184.25
C3,13,-1085.25
C3,14,-1643.25
C3,15,-1020.58
C3,16,608.75
C3,17,-1158.58
C3,18,-321.91
C3,19,-942.25
C3,20,-351.58
C3,21,-159.25
C3,22,1466.42
C3,23,984.42
C3,24,2432.75
C3,25,-736.91
C3,26,-1591.91
C3,27,-572.25
C3,28,-378.25
C3,29,-668.91
C3,30,-496.91
C3,31,-1789.91
C3,32,-829.91
C3,33,-112.25
C3,34,-6.58
C3,35,1763.09
C3,36,-759.25
C3,37,-1876.91
C3,38,-576.25
C3,39,-762.91
C3,40,1809.42
C3,41,862.09
C3,42,288.42
C3,43,-385.25
C3,44,-580.91
C3,45,-455.58
C3,46,1313.09
C3,47,1389.75
C3,48,-166.58
C3,49,-643.91
C3,50,-745.58
C3,51,-679.25
C3,52,-1164.25
C3,53,-320.91
C3,54,-1478.25
C3,55,-2814.58
C3,56,-1445.25
C3,57,-237.91
C3,58,333.09
C3,59,-179.58
C3,60,-318.58
C3,61,528.42
C3,62,-1488.58
C3,63,-400.58
C3,64,-136.91
C3,65,63.42
C3,66,359.75
C3,67,-8.91
C3,68,-248.58
C3,69,14.42
C3,70,16.09
C3,71,207.42
C3,72,-213.58
C3,73,-8.58
C3,74,-211.58
C3,75,63.42
C3,76,215.75
C3,77,-18.25
C3,78,-367.25
C3,79,-209.58
C3,80,217.75
C3,81,70.75
C3,82,-177.58
C3,83,631.09
C3,84,-286.25
C3,85,172.42
C3,86,573.75
C3,87,-6.91
C3,88,-274.25
C3,89,108.75
C3,90,438.75
C3,91,156.42
C3,92,-631.58
C3,93,-112.91
C3,94,-402.58
C3,95,-397.25
C3,96,-266.58
C3,97,624.42
C3,98,99.42
C3,99,-183.91
C3,0,3760.23
C3,1,2190.57
C3,2,-667.1
C3,3,-349.43
C3,4,-357.77
C3,5,-8.77
C3,6,0.9
C3,7,29.57
C3,8,505.9
C3,9,1108.9
C3,10,-448.77
C3,11,-755.43
C3,12,-1161.1
C3,13,-1283.1
C3,14,727.9
C3,15,-168.43
C3,16,1150.57
C3,17,-1046.1
C3,18,-1008.43
C3,19,1507.23
C3,20,47.23
C3,21,-1980.1
C3,22,-1794.43
C3,23,-1983.77
C3,24,-608.77
C3,25,-196.1
C3,26,171.9
C3,27,-767.1
C3,28,-142.1
C3,29,530.57
C3,30,-990.1
C3,31,-1534.43
C3,32,-1399.77
C3,33,1276.23
C3,34,-860.43
C3,35,-1420.1
C3,36,-842.77
C3,37,1053.23
C3,38,2228.57
C3,39,962.23
C3,40,5.23
C3,41,132.57
C3,42,90.9
C3,43,133.57
C3,44,-1426.1
C3,45,-666.77
C3,46,-659.43
C3,47,-3092.77
C3,48,-2099.1
C3,49,-47.1
C3,50,215.23
C3,51,-1310.43
C3,52,-941.77
C3,53,130.23
C3,54,565.57
C3,55,242.9
C3,56,-996.1
C3,57,-858.1
C3,58,-1178.77
C3,59,913.57
C3,60,246.23
C3,61,692.57
C3,62,79.57
C3,63,1928.57
C3,64,127.57
C3,65,-275.1
C3,66,9.23
C3,67,-127.43
C3,68,99.57
C3,69,21.57
C3,70,-161.77
C3,71,-53.77
C3,72,6.23
C3,73,1.23
C3,74,-472.1
C3,75,-377.77
C3,76,-13.1
C3,77,-477.1
C3,78,-167.43
C3,79,-172.77
C3,80,-180.77
C3,81,117.23
C3,82,-22.1
C3,83,-45.43
C3,84,-160.1
C3,85,332.23
C3,86,113.9
C3,87,-175.1
C3,88,-48.77
C3,89,-121.77
C3,90,-51.1
C3,91,-114.1
C3,92,160.23
C3,93,117.57
C3,94,954.57
C3,95,-105.43
C3,96,308.9
C3,97,113.9
C3,98,127.57
C3,99,187.9
C3,0,109.43
C3,1,-73.57
C3,2,-392.57
C3,3,-157.23
C3,4,298.43
C3,5,0.77
C3,6,-845.23
C3,7,-264.9
C3,8,-1542.9
C3,9,-677.9
C3,10,-441.9
C3,11,123.43
C3,12,943.1
C3,13,-5.23
C3,14,-249.23
C3,15,-1159.9
C3,16,-32.57
C3,17,2278.43
C3,18,-1618.23
C3,19,-2591.9
C3,20,-854.23
C3,21,148.77
C3,22,391.77
C3,23,670.43
C3,24,913.43
C3,25,-1714.23
C3,26,206.43
C3,27,951.43
C3,28,-766.23
C3,29,-958.57
C3,30,128.77
C3,31,-279.9
C3,32,-395.9
C3,33,742.77
C3,34,-926.23
C3,35,561.43
C3,36,1044.77
C3,37,-1127.9
C3,38,-304.9
C3,39,-205.9
C3,40,-245.9
C3,41,-1316.57
C3,42,-805.9
C3,43,99.77
C3,44,-349.57
C3,45,757.43
C3,46,1576.77
C3,47,-19.57
C3,48,-2489.9
C3,49,-2071.57
C3,50,385.1
C3,51,154.77
C3,52,665.77
C3,53,-4889.9
C3,54,-2702.57
C3,55,1877.43
C3,56,2234.43
C3,57,3021.1
C3,58,322.43
C3,59,14.77
C3,60,0.43
C3,61,555.77
C3,62,-57.57
C3,63,10.1
C3,64,-183.57
C3,65,-36.23
C3,66,184.77
C3,67,48.1
C3,68,74.77
C3,69,185.1
C3,70,377.43
C3,71,-19.23
C3,72,152.43
C3,73,-112.23
C3,74,339.1
C3,75,-235.23
C3,76,-45.23
C3,77,50.1
C3,78,89.1
C3,79,-96.57
C3,80,-437.57
C3,81,-200.57
C3,82,97.77
C3,83,4.43
C3,84,74.77
C3,85,147.43
C3,86,-166.23
C3,87,63.1
C3,88,268.77
C3,89,259.77
C3,90,485.43
C3,91,-441.23
C3,92,-37.23
C3,93,-1521.57
C3,94,-290.23
C3,95,2253.43
C3,96,753.1
C3,97,308.9
C3,98,113.9
C3,99,127.57
C3,0,4282.15
C3,1,-5653.51
C3,2,-209.51
C3,3,232.49
C3,4,-326.51
C3,5,-41.85
C3,6,-261.18
C3,7,-109.18
C3,8,-144.51
C3,9,40.82
C3,10,55.82
C3,11,-155.18
C3,12,359.49
C3,13,-1214.18
C3,14,-378.51
C3,15,-58.85
C3,16,-353.18
C3,17,-1411.85
C3,18,-1329.18
C3,19,390.49
C3,20,991.49
C3,21,-283.85
C3,22,346.15
C3,23,-1138.51
C3,24,-1459.51
C3,25,-179.18
C3,26,-385.51
C3,27,5.82
C3,28,-1420.85
C3,29,137.15
C3,30,-396.18
C3,31,801.49
C3,32,2079.82
C3,33,1554.82
C3,34,189.49
C3,35,-1522.51
C3,36,-1662.85
C3,37,-1230.85
C3,38,207.82
C3,39,-997.51
C3,40,-703.51
C3,41,1201.82
C3,42,1456.49
C3,43,1080.49
C3,44,800.49
C3,45,-323.51
C3,46,-1333.85
C3,47,-1372.51
C3,48,935.15
C3,49,937.82
C3,50,998.82
C3,51,-1241.51
C3,52,-792.18
C3,53,-1858.18
C3,54,-786.51
C3,55,610.82
C3,56,-312.18
C3,57,-656.18
C3,58,-554.18
C3,59,785.82
C3,60,506.82
C3,61,-1069.51
C3,62,11.15
C3,63,939.15
C3,64,992.82
C3,65,67.82
C3,66,-52.85
C3,67,2376.82
C3,68,-201.85
C3,69,-3310.85
C3,70,1710.49
C3,71,5.15
C3,72,-245.51
C3,73,-325.85
C3,74,-251.85
C3,75,-214.51
C3,76,-276.18
C3,77,-83.85
C3,78,170.15
C3,79,103.49
C3,80,-57.18
C3,81,-397.18
C3,82,-31.18
C3,83,162.82
C3,84,108.82
C3,85,50.82
C3,86,-241.85
C3,87,-198.18
C3,88,105.15
C3,89,-142.51
C3,90,-108.18
C3,91,-49.51
C3,92,36.15
C3,93,-172.85
C3,94,-50.18
C3,95,-70.18
C3,96,-85.51
C3,97,-49.51
C3,98,-310.18
C3,99,-162.18
C3,0,3292.87
C3,1,-2487.46
C3,2,-2354.13
C3,3,-27.79
C3,4,59.87
C3,5,-42.13
C3,6,-121.79
C3,7,-747.79
C3,8,-238.13
C3,9,-2518.46
C3,10,-1858.46
C3,11,-488.79
C3,12,-109.46
C3,13,1186.87
C3,14,1592.21
C3,15,1357.87
C3,16,619.54
C3,17,720.54
C3,18,41.87
C3,19,-1128.46
C3,20,-518.46
C3,21,-1929.79
C3,22,-170.46
C3,23,366.87
C3,24,-159.46
C3,25,2088.21
C3,26,2214.87
C3,27,-600.13
C3,28,-1972.46
C3,29,-1365.13
C3,30,529.21
C3,31,1490.21
C3,32,301.54
C3,33,109.87
C3,34,2347.21
C3,35,457.21
C3,36,-1490.46
C3,37,-3023.13
C3,38,-1515.46
C3,39,-1799.46
C3,40,120.21
C3,41,767.21
C3,42,2363.21
C3,43,-209.13
C3,44,-1007.46
C3,45,1584.54
C3,46,-729.79
C3,47,-212.13
C3,48,-88.46
C3,49,249.54
C3,50,-997.79
C3,51,-1445.79
C3,52,-177.79
C3,53,-599.46
C3,54,1425.87
C3,55,-994.46
C3,56,-703.13
C3,57,-1345.46
C3,58,165.21
C3,59,863.87
C3,60,-1999.13
C3,61,-982.46
C3,62,3821.54
C3,63,2547.54
C3,64,-2518.13
C3,65,396.21
C3,66,-159.46
C3,67,-51.13
C3,68,-297.46
C3,69,-121.79
C3,70,277.54
C3,71,-108.79
C3,72,135.87
C3,73,-274.79
C3,74,-290.79
C3,75,44.87
C3,76,-71.46
C3,77,102.21
C3,78,-237.13
C3,79,-236.46
C3,80,213.21
C3,81,-67.46
C3,82,224.87
C3,83,88.54
C3,84,-80.79
C3,85,7.21
C3,86,-252.46
C3,87,-114.13
C3,88,162.21
C3,89,-31.13
C3,90,85.87
C3,91,-280.13
C3,92,-298.46
C3,93,-486.79
C3,94,123.21
C3,95,734.87
C3,96,542.21
C3,97,366.21
C3,98,204.54
C3,99,576.21
C3,0,4452.1
C3,1,-3496.57
C3,2,-3551.9
C3,3,-1171.9
C3,4,216.77
C3,5,-94.9
C3,6,17.1
C3,7,658.1
C3,8,754.77
C3,9,858.1
C3,10,-378.57
C3,11,-391.9
C3,12,-2331.23
C3,13,1077.43
C3,14,1959.77
C3,15,554.1
C3,16,1129.77
C3,17,-480.23
C3,18,323.77
C3,19,-833.57
C3,20,-594.23
C3,21,-1404.23
C3,22,33.43
C3,23,1089.1
C3,24,1621.1
C3,25,741.43
C3,26,46.43
C3,27,-222.23
C3,28,-224.57
C3,29,562.77
C3,30,-217.23
C3,31,-179.57
C3,32,1369.1
C3,33,-76.9
C3,34,-1090.9
C3,35,377.43
C3,36,1967.43
C3,37,-3187.23
C3,38,-3984.9
C3,39,-2313.57
C3,40,27.77
C3,41,481.77
C3,42,856.77
C3,43,2006.1
C3,44,-754.57
C3,45,-1739.9
C3,46,-98.23
C3,47,576.77
C3,48,-786.9
C3,49,589.77
C3,50,190.43
C3,51,-1520.23
C3,52,-1144.9
C3,53,497.77
C3,54,749.77
C3,55,143.43
C3,56,502.43
C3,57,-491.57
C3,58,-1794.23
C3,59,1691.1
C3,60,321.77
C3,61,-734.9
C3,62,-1877.57
C3,63,990.43
C3,64,277.43
C3,65,-92.57
C3,66,-363.23
C3,67,-238.57
C3,68,149.1
C3,69,-320.57
C3,70,106.43
C3,71,83.1
C3,72,-487.9
C3,73,144.77
C3,74,348.1
C3,75,44.1
C3,76,-105.23
C3,77,343.77
C3,78,229.43
C3,79,-268.23
C3,80,42.77
C3,81,37.77
C3,82,-119.9
C3,83,190.77
C3,84,-123.57
C3,85,236.1
C3,86,2650.77
C3,87,-11.57
C3,88,261.43
C3,89,482.1
C3,90,-17.9
C3,91,-10.9
C3,92,-65.57
C3,93,200.43
C3,94,-10.23
C3,95,-96.23
C3,96,227.1
C3,97,-25.9
C3,98,-106.23
C3,99,223.1
C4,0,-4066.03
C4,1,-1309.36
C4,2,710.31
C4,3,388.97
C4,4,-477.03
C4,5,193.97
C4,6,-181.69
C4,7,170.64
C4,8,-169.69
C4,9,26.31
C4,10,1039.97
C4,11,-1841.36
C4,12,-3471.36
C4,13,274.97
C4,14,1129.97
C4,15,289.31
C4,16,1102.64
C4,17,869.31
C4,18,-178.36
C4,19,1192.31
C4,20,1120.97
C4,21,265.64
C4,22,783.97
C4,23,479.64
C4,24,1150.64
C4,25,-1818.69
C4,26,-582.36
C4,27,376.97
C4,28,-140.36
C4,29,482.97
C4,30,524.97
C4,31,203.64
C4,32,-1501.36
C4,33,1171.31
C4,34,475.31
C4,35,-1072.03
C4,36,-129.36
C4,37,1027.97
C4,38,-572.03
C4,39,-1732.36
C4,40,1727.31
C4,41,1713.97
C4,42,-1590.03
C4,43,-162.03
C4,44,1220.64
C4,45,-299.36
C4,46,-1149.03
C4,47,-1437.69
C4,48,-419.36
C4,49,-992.36
C4,50,1323.64
C4,51,436.31
C4,52,-1198.69
C4,53,783.64
C4,54,-962.03
C4,55,466.64
C4,56,1786.64
C4,57,-294.36
C4,58,-753.03
C4,59,776.97
C4,60,452.97
C4,61,-4854.69
C4,62,1690.64
C4,63,-684.36
C4,64,1192.64
C4,65,7191.97
C4,66,-4680.36
C4,67,2136.64
C4,68,3864.97
C4,69,-3633.69
C4,70,-3738.69
C4,71,961.64
C4,72,-1.36
C4,73,-292.03
C4,74,-1105.03
C4,75,26.64
C4,76,237.97
C4,77,52.31
C4,78,-102.03
C4,79,328.64
C4,80,-58.03
C4,81,-7.36
C4,82,-288.69
C4,83,116.97
C4,84,24.31
C4,85,80.64
C4,86,-177.03
C4,87,-643.69
C4,88,-29.69
C4,89,-157.69
C4,90,-107.36
C4,91,-85.69
C4,92,207.97
C4,93,-149.36
C4,94,-376.69
C4,95,17.97
C4,96,-57.03
C4,97,-126.69
C4,98,-44.03
C4,99,-277.03
C4,0,-5141.65
C4,1,-1302.65
C4,2,-571.65
C4,3,-410.65
C4,4,-483.31
C4,5,79.02
C4,6,-162.31
C4,7,-607.98
C4,8,-83.98
C4,9,-152.98
C4,10,103.69
C4,11,-987.65
C4,12,-128.65
C4,13,-1164.31
C4,14,-566.31
C4,15,1062.02
C4,16,1496.02
C4,17,13.35
C4,18,74.35
C4,19,517.69
C4,20,-372.31
C4,21,347.35
C4,22,1452.69
C4,23,443.35
C4,24,828.35
C4,25,3278.69
C4,26,-3720.65
C4,27,1786.35
C4,28,-793.31
C4,29,2385.02
C4,30,-4951.65
C4,31,87.02
C4,32,857.35
C4,33,738.35
C4,34,2339.02
C4,35,-4527.98
C4,36,2283.35
C4,37,358.69
C4,38,2359.69
C4,39,353.02
C4,40,407.02
C4,41,-757.65
C4,42,816.69
C4,43,-679.98
C4,44,-2757.65
C4,45,2361.35
C4,46,-3999.65
C4,47,772.02
C4,48,466.35
C4,49,-665.31
C4,50,388.69
C4,51,3387.69
C4,52,-2155.65
C4,53,-1685.98
C4,54,46.02
C4,55,1446.69
C4,56,-4118.98
C4,57,-2500.98
C4,58,-1379.31
C4,59,2576.35
C4,60,-969.65
C4,61,-46.65
C4,62,16.69
C4,63,-136.65
C4,64,-815.31
C4,65,-2017.98
C4,66,-471.65
C4,67,3842.02
C4,68,1917.02
C4,69,2578.35
C4,70,-4037.98
C4,71,-672.65
C4,72,344.02
C4,73,985.35
C4,74,823.35
C4,75,655.02
C4,76,672.02
C4,77,-458.98
C4,78,587.35
C4,79,205.69
C4,80,-169.98
C4,81,-1004.98
C4,82,64.35
C4,83,-84.65
C4,84,-5.31
C4,85,-256.98
C4,86,38.69
C4,87,92.35
C4,88,269.69
C4,89,-120.31
C4,90,143.35
C4,91,-4.65
C4,92,-227.98
C4,93,-176.31
C4,94,138.35
C4,95,33.02
C4,96,-148.98
C4,97,-152.31
C4,98,-131.31
C4,99,-40.65
C4,0,-3913.82
C4,1,-961.15
C4,2,2088.85
C4,3,-44.49
C4,4,1386.18
C4,5,594.18
C4,6,-65.49
C4,7,88.18
C4,8,-87.15
C4,9,-71.82
C4,10,-127.49
C4,11,-122.15
C4,12,-122.82
C4,13,-158.15
C4,14,-218.49
C4,15,-132.15
C4,16,76.85
C4,17,-119.15
C4,18,-3.82
C4,19,-141.15
C4,20,-30.49
C4,21,-36.82
C4,22,-86.15
C4,23,27.51
C4,24,-56.15
C4,25,-292.15
C4,26,-202.82
C4,27,-5.15
C4,28,-14.82
C4,29,27.85
C4,30,61.18
C4,31,-330.49
C4,32,-85.49
C4,33,157.85
C4,34,-204.15
C4,35,50.18
C4,36,-321.15
C4,37,-104.49
C4,38,-125.82
C4,39,-277.49
C4,40,-117.82
C4,41,-5889.82
C4,42,-223.82
C4,43,-64.49
C4,44,-69.82
C4,45,-861.82
C4,46,-315.49
C4,47,-1047.15
C4,48,-660.15
C4,49,2552.18
C4,50,-1168.82
C4,51,825.51
C4,52,819.18
C4,53,-1358.15
C4,54,-727.49
C4,55,-357.82
C4,56,1192.18
C4,57,80.85
C4,58,378.51
C4,59,270.18
C4,60,355.51
C4,61,266.85
C4,62,288.18
C4,63,-1104.82
C4,64,6.85
C4,65,-1427.82
C4,66,-1404.15
C4,67,318.18
C4,68,31.18
C4,69,-170.49
C4,70,632.18
C4,71,-325.82
C4,72,1135.51
C4,73,619.85
C4,74,346.18
C4,75,-212.82
C4,76,-335.49
C4,77,779.51
C4,78,-1812.82
C4,79,393.85
C4,80,445.18
C4,81,232.85
C4,82,-555.15
C4,83,-601.49
C4,84,-812.49
C4,85,453.51
C4,86,-251.49
C4,87,-59.49
C4,88,-72.15
C4,89,144.18
C4,90,-2893.15
C4,91,103.85
C4,92,-3118.15
C4,93,1195.51
C4,94,149.85
C4,95,-319.49
C4,96,-696.82
C4,97,-791.49
C4,98,-104.49
C4,99,-181.15
C4,0,3353.09
C4,1,-6979.24
C4,2,-1173.24
C4,3,5617.09
C4,4,1129.09
C4,5,-1042.24
C4,6,-323.91
C4,7,-391.91
C4,8,-180.57
C4,9,-4008.91
C4,10,-1083.57
C4,11,302.43
C4,12,-448.57
C4,13,-736.24
C4,14,2039.09
C4,15,1395.09
C4,16,-1659.57
C4,17,-457.24
C4,18,3217.43
C4,19,-66.24
C4,20,-2489.91
C4,21,381.43
C4,22,-1439.24
C4,23,68.43
C4,24,8399.09
C4,25,649.09
C4,26,-7303.57
C4,27,159.43
C4,28,-1178.24
C4,29,2202.76
C4,30,4753.09
C4,31,586.76
C4,32,-5103.24
C4,33,-527.24
C4,34,-621.91
C4,35,640.09
C4,36,99.43
C4,37,-403.24
C4,38,-1373.24
C4,39,-394.91
C4,40,1673.76
C4,41,-1229.57
C4,42,-100.57
C4,43,2166.43
C4,44,-125.91
C4,45,-185.57
C4,46,-122.91
C4,47,-363.57
C4,48,1043.43
C4,49,163.76
C4,50,208.09
C4,51,-241.91
C4,52,-430.91
C4,53,-857.91
C4,54,-466.91
C4,55,-416.57
C4,56,-464.91
C4,57,-550.57
C4,58,1308.43
C4,59,467.43
C4,60,-942.57
C4,61,-354.57
C4,62,-179.91
C4,63,264.43
C4,64,-374.91
C4,65,6032.76
C4,66,4715.76
C4,67,-11342.91
C4,68,1224.76
C4,69,5695.09
C4,70,-7592.57
C4,71,-1310.24
C4,72,-17.57
C4,73,-47.57
C4,74,-51.91
C4,75,-109.24
C4,76,-191.24
C4,77,-135.24
C4,78,-145.57
C4,79,-172.24
C4,80,34.43
C4,81,-19.57
C4,82,-62.91
C4,83,40.09
C4,84,86.09
C4,85,-78.24
C4,86,37.09
C4,87,-207.91
C4,88,23.09
C4,89,-80.91
C4,90,-103.57
C4,91,-130.91
C4,92,-163.91
C4,93,-205.57
C4,94,-100.24
C4,95,-57.24
C4,96,-33.91
C4,97,24.43
C4,98,36.43
C4,99,-55.57
C4,0,-3559.27
C4,1,-4907.27
C4,2,-1458.27
C4,3,483.39
C4,4,-325.61
C4,5,477.73
C4,6,-24.61
C4,7,109.39
C4,8,-161.27
C4,9,47.06
C4,10,-71.94
C4,11,63.39
C4,12,247.73
C4,13,2156.39
C4,14,-43.94
C4,15,-1413.94
C4,16,1061.39
C4,17,6836.06
C4,18,324.06
C4,19,465.39
C4,20,836.73
C4,21,2445.73
C4,22,2042.73
C4,23,979.06
C4,24,-446.94
C4,25,52.39
C4,26,-1259.27
C4,27,759.73
C4,28,138.39
C4,29,691.73
C4,30,350.06
C4,31,-3860.27
C4,32,725.73
C4,33,1768.06
C4,34,-2542.94
C4,35,-1321.94
C4,36,177.06
C4,37,2403.73
C4,38,-4857.27
C4,39,-1709.27
C4,40,319.73
C4,41,3430.73
C4,42,-810.27
C4,43,-533.27
C4,44,1753.39
C4,45,122.06
C4,46,-1142.27
C4,47,-6.61
C4,48,433.39
C4,49,-1513.61
C4,50,1161.73
C4,51,-964.94
C4,52,-2325.61
C4,53,-606.27
C4,54,327.39
C4,55,-2.94
C4,56,369.06
C4,57,-330.61
C4,58,765.39
C4,59,656.39
C4,60,-1425.94
C4,61,-157.94
C4,62,585.73
C4,63,111.06
C4,64,-127.94
C4,65,-1887.94
C4,66,801.06
C4,67,766.06
C4,68,-1103.94
C4,69,-763.61
C4,70,141.39
C4,71,1035.06
C4,72,-410.27
C4,73,-519.27
C4,74,171.06
C4,75,-506.61
C4,76,-362.27
C4,77,659.06
C4,78,135.39
C4,79,-327.27
C4,80,7.73
C4,81,-134.94
C4,82,-282.94
C4,83,-182.61
C4,84,68.73
C4,85,-255.61
C4,86,119.06
C4,87,-127.94
C4,88,-65.94
C4,89,-58.61
C4,90,111.06
C4,91,-268.27
C4,92,-35.27
C4,93,215.73
C4,94,52.73
C4,95,-455.27
C4,96,165.39
C4,97,-160.27
C4,98,158.06
C4,99,-274.27
C4,0,-3991.94
C4,1,628.73
C4,2,-220.61
C4,3,397.39
C4,4,-221.94
C4,5,264.39
C4,6,-218.94
C4,7,1.73
C4,8,138.73
C4,9,-2651.61
C4,10,776.39
C4,11,-2765.27
C4,12,-1673.27
C4,13,637.06
C4,14,754.06
C4,15,-90.94
C4,16,153.39
C4,17,-105.27
C4,18,-144.27
C4,19,4700.39
C4,20,711.39
C4,21,-222.27
C4,22,-814.27
C4,23,-696.61
C4,24,698.39
C4,25,-131.94
C4,26,110.73
C4,27,-1068.94
C4,28,-2209.27
C4,29,-1855.61
C4,30,1022.06
C4,31,1229.39
C4,32,-12.27
C4,33,-798.27
C4,34,1309.73
C4,35,1766.39
C4,36,-3704.94
C4,37,221.06
C4,38,1552.39
C4,39,-242.27
C4,40,-81.61
C4,41,-236.94
C4,42,-32.61
C4,43,-1201.94
C4,44,-134.61
C4,45,-562.94
C4,46,507.06
C4,47,3334.73
C4,48,1940.73
C4,49,-826.61
C4,50,-2615.61
C4,51,-5112.27
C4,52,-939.94
C4,53,403.73
C4,54,-382.27
C4,55,-413.61
C4,56,1367.06
C4,57,-309.27
C4,58,-94.27
C4,59,-184.61
C4,60,-39.27
C4,61,-162.27
C4,62,-70.61
C4,63,39.39
C4,64,899.39
C4,65,-1647.61
C4,66,1369.06
C4,67,2317.39
C4,68,1044.06
C4,69,-5348.94
C4,70,2423.06
C4,71,-1146.61
C4,72,-21.94
C4,73,196.06
C4,74,-430.94
C4,75,-166.61
C4,76,559.73
C4,77,-130.61
C4,78,-316.61
C4,79,77.73
C4,80,179.06
C4,81,-294.61
C4,82,-59.61
C4,83,-109.94
C4,84,-353.27
C4,85,220.39
C4,86,-74.27
C4,87,70.06
C4,88,-130.61
C4,89,-432.61
C4,90,227.06
C4,91,274.73
C4,92,-313.94
C4,93,185.39
C4,94,-179.61
C4,95,-181.27
C4,96,71.73
C4,97,-12.94
C4,98,-220.27
C4,99,13.73
C4,0,-4737.11
C4,1,-9782.45
C4,2,2188.89
C4,3,19.89
C4,4,-1427.45
C4,5,-4576.11
C4,6,-1468.11
C4,7,1268.22
C4,8,1851.89
C4,9,-4575.11
C4,10,-1397.78
C4,11,1259.89
C4,12,850.55
C4,13,2429.89
C4,14,-3018.45
C4,15,2654.55
C4,16,2391.22
C4,17,-872.45
C4,18,-31.45
C4,19,-1503.45
C4,20,1708.55
C4,21,-907.45
C4,22,-3232.45
C4,23,-2464.45
C4,24,1475.55
C4,25,2542.22
C4,26,280.89
C4,27,-1230.78
C4,28,-179.45
C4,29,1973.89
C4,30,-304.45
C4,31,-983.78
C4,32,414.55
C4,33,-3094.11
C4,34,2045.22
C4,35,509.89
C4,36,454.89
C4,37,3098.22
C4,38,1599.22
C4,39,1375.55
C4,40,-1563.45
C4,41,1448.55
C4,42,-2706.78
C4,43,1618.89
C4,44,-444.78
C4,45,-2230.11
C4,46,-567.11
C4,47,-3728.45
C4,48,-199.45
C4,49,1168.22
C4,50,1359.89
C4,51,-1563.11
C4,52,-46.78
C4,53,-4727.45
C4,54,-1717.11
C4,55,-181.78
C4,56,1644.22
C4,57,-3934.45
C4,58,565.22
C4,59,360.55
C4,60,-264.78
C4,61,-1541.45
C4,62,1602.22
C4,63,-2597.11
C4,64,4911.55
C4,65,3920.22
C4,66,-1647.45
C4,67,7489.55
C4,68,-3000.78
C4,69,5570.22
C4,70,-3767.78
C4,71,3334.22
C4,72,-5785.45
C4,73,2025.89
C4,74,2318.89
C4,75,-6075.11
C4,76,1378.89
C4,77,1052.55
C4,78,90.22
C4,79,-1981.78
C4,80,-145.78
C4,81,96.55
C4,82,35.89
C4,83,1018.89
C4,84,-2160.78
C4,85,1328.22
C4,86,-1592.45
C4,87,464.22
C4,88,355.22
C4,89,-261.45
C4,90,1740.89
C4,91,-2532.78
C4,92,892.55
C4,93,636.55
C4,94,637.55
C4,95,-2034.78
C4,96,684.55
C4,97,78.89
C4,98,-595.11
C4,99,-261.78
C4,0,-3929.39
C4,1,-6210.05
C4,2,306.95
C4,3,-2067.39
C4,4,-1716.05
C4,5,-74.39
C4,6,852.61
C4,7,-72.72
C4,8,192.95
C4,9,-428.39
C4,10,-1046.05
C4,11,519.61
C4,12,-265.72
C4,13,-1677.72
C4,14,471.61
C4,15,238.95
C4,16,151.95
C4,17,264.28
C4,18,658.61
C4,19,-1834.39
C4,20,652.95
C4,21,-156.72
C4,22,169.61
C4,23,1922.95
C4,24,21.61
C4,25,-927.72
C4,26,766.95
C4,27,-787.72
C4,28,3101.61
C4,29,402.61
C4,30,-648.39
C4,31,-2407.72
C4,32,135.61
C4,33,1885.61
C4,34,-354.72
C4,35,-287.72
C4,36,1014.28
C4,37,-305.72
C4,38,1146.28
C4,39,1961.28
C4,40,419.28
C4,41,-512.39
C4,42,-146.05
C4,43,-12.05
C4,44,-661.39
C4,45,-550.05
C4,46,226.28
C4,47,147.28
C4,48,414.95
C4,49,-1047.05
C4,50,-4.72
C4,51,-701.72
C4,52,503.61
C4,53,529.28
C4,54,410.95
C4,55,-120.05
C4,56,13.95
C4,57,90.61
C4,58,-334.39
C4,59,-229.72
C4,60,-1330.72
C4,61,-389.39
C4,62,-1197.05
C4,63,1620.61
C4,64,-148.05
C4,65,-1968.72
C4,66,104.95
C4,67,6479.28
C4,68,-3250.72
C4,69,-4617.72
C4,70,-1272.05
C4,71,-30.39
C4,72,697.61
C4,73,-424.05
C4,74,459.95
C4,75,45.28
C4,76,31.28
C4,77,-408.05
C4,78,-44.72
C4,79,-115.05
C4,80,-785.05
C4,81,115.95
C4,82,-55.39
C4,83,-82.39
C4,84,-676.05
C4,85,67.95
C4,86,-547.72
C4,87,-148.05
C4,88,-205.05
C4,89,-200.39
C4,90,-180.72
C4,91,-34.05
C4,92,-246.39
C4,93,-160.39
C4,94,-0.05
C4,95,-970.05
C4,96,104.28
C4,97,84.61
C4,98,243.28
C4,99,-199.72
C4,0,3870.78
C4,1,-3200.55
C4,2,-2968.89
C4,3,-199.89
C4,4,3051.78
C4,5,-3977.22
C4,6,-4188.89
C4,7,-171.89
C4,8,1800.78
C4,9,700.11
C4,10,1929.45
C4,11,-5371.55
C4,12,-2427.89
C4,13,4272.78
C4,14,-1376.89
C4,15,-658.22
C4,16,-208.55
C4,17,-4.22
C4,18,71.78
C4,19,-963.55
C4,20,-873.89
C4,21,1630.78
C4,22,-2755.55
C4,23,-3495.55
C4,24,-1271.89
C4,25,2479.45
C4,26,2582.11
C4,27,-4238.22
C4,28,395.78
C4,29,2179.11
C4,30,-174.89
C4,31,3076.78
C4,32,4013.78
C4,33,-503.22
C4,34,2410.78
C4,35,-732.55
C4,36,545.78
C4,37,3181.11
C4,38,-43.89
C4,39,963.45
C4,40,-1477.89
C4,41,217.45
C4,42,758.78
C4,43,-434.22
C4,44,3539.45
C4,45,-1788.55
C4,46,-2838.89
C4,47,-3764.89
C4,48,3564.45
C4,49,3595.45
C4,50,-3576.55
C4,51,2527.11
C4,52,-3161.22
C4,53,-5342.22
C4,54,1876.11
C4,55,-1515.89
C4,56,2448.45
C4,57,-2278.55
C4,58,2029.11
C4,59,-1271.89
C4,60,-10472.89
C4,61,379.11
C4,62,2478.78
C4,63,-5827.89
C4,64,3384.45
C4,65,5274.11
C4,66,-2098.89
C4,67,-5787.89
C4,68,-4695.55
C4,69,3762.11
C4,70,4588.78
C4,71,-4160.22
C4,72,-3171.22
C4,73,4271.11
C4,74,5586.45
C4,75,-6230.55
C4,76,1566.45
C4,77,-3094.22
C4,78,-5216.89
C4,79,4721.11
C4,80,5391.45
C4,81,-1088.22
C4,82,1547.11
C4,83,-4106.89
C4,84,-4178.55
C4,85,5302.45
C4,86,4361.45
C4,87,-4171.89
C4,88,2098.45
C4,89,2131.78
C4,90,-4986.89
C4,91,2468.11
C4,92,4445.78
C4,93,-5558.55
C4,94,-3003.22
C4,95,-1010.55
C4,96,5648.78
C4,97,4857.78
C4,98,833.11
C4,99,-1183.22
C4,0,-4804.77
C4,1,1471.9
C4,2,-2168.1
C4,3,1055.9
C4,4,4754.23
C4,5,-3827.43
C4,6,-5268.1
C4,7,3850.9
C4,8,4244.57
C4,9,-8000.77
C4,10,-844.1
C4,11,3514.57
C4,12,-4520.1
C4,13,-849.77
C4,14,-1431.77
C4,15,2291.23
C4,16,913.9
C4,17,-1849.77
C4,18,-6725.43
C4,19,3328.23
C4,20,3585.9
C4,21,585.23
C4,22,-675.43
C4,23,-601.77
C4,24,-2487.43
C4,25,-6633.43
C4,26,-3484.43
C4,27,2485.23
C4,28,3000.57
C4,29,1118.57
C4,30,4778.57
C4,31,-4441.43
C4,32,-841.43
C4,33,-1323.1
C4,34,-3264.77
C4,35,-2508.77
C4,36,-1574.1
C4,37,3387.23
C4,38,-5587.77
C4,39,1120.23
C4,40,-6893.1
C4,41,555.23
C4,42,4702.23
C4,43,-722.43
C4,44,-54.43
C4,45,512.23
C4,46,2911.9
C4,47,5744.23
C4,48,-3870.77
C4,49,2150.9
C4,50,-5397.1
C4,51,418.23
C4,52,1511.9
C4,53,1294.9
C4,54,4881.9
C4,55,-2576.43
C4,56,3853.57
C4,57,5509.23
C4,58,-5241.43
C4,59,-269.43
C4,60,-2391.77
C4,61,-733.1
C4,62,647.23
C4,63,2386.23
C4,64,3476.57
C4,65,1471.9
C4,66,-2203.77
C4,67,-2935.43
C4,68,1193.57
C4,69,2217.23
C4,70,5867.57
C4,71,-4354.77
C4,72,-1153.1
C4,73,5716.23
C4,74,270.9
C4,75,-3632.1
C4,76,-2576.1
C4,77,-381.43
C4,78,7594.9
C4,79,-6180.43
C4,80,-4519.43
C4,81,1251.23
C4,82,5703.9
C4,83,1777.23
C4,84,2476.57
C4,85,-3367.77
C4,86,-5072.1
C4,87,4348.9
C4,88,344.9
C4,89,-3222.77
C4,90,-2820.1
C4,91,5050.23
C4,92,1871.57
C4,93,-5740.43
C4,94,-3095.77
C4,95,3670.57
C4,96,2431.23
C4,97,-684.43
C4,98,-4792.77
C4,99,1252.9
C1,0,-4764.68
C1,1,-2116.35
C1,2,-489.68
C1,3,-493.35
C1,4,151.65
C1,5,-111.01
C1,6,128.65
C1,7,-155.68
C1,8,194.65
C1,9,172.32
C1,10,112.32
C1,11,-120.35
C1,12,-2.68
C1,13,413.32
C1,14,297.99
C1,15,-438.01
C1,16,-229.35
C1,17,1329.65
C1,18,145.99
C1,19,432.99
C1,20,-653.01
C1,21,-1211.68
C1,22,-725.01
C1,23,-5678.01
C1,24,7217.65
C1,25,2775.99
C1,26,-3062.68
C1,27,-770.68
C1,28,2216.99
C1,29,1558.99
C1,30,1896.32
C1,31,-1475.68
C1,32,-760.68
C1,33,-1623.35
C1,34,422.32
C1,35,-581.01
C1,36,-279.01
C1,37,3034.99
C1,38,-3432.35
C1,39,-765.68
C1,40,-2387.01
C1,41,215.32
C1,42,-5249.01
C1,43,1593.99
C1,44,3942.32
C1,45,841.65
C1,46,2577.32
C1,47,3433.32
C1,48,-3778.01
C1,49,-1794.01
C1,50,-1164.35
C1,51,1970.65
C1,52,1801.65
C1,53,285.32
C1,54,-4250.01
C1,55,-507.68
C1,56,-274.68
C1,57,295.99
C1,58,-249.68
C1,59,-923.68
C1,60,-701.35
C1,61,329.65
C1,62,736.32
C1,63,1356.65
C1,64,1407.65
C1,65,1310.99
C1,66,-3238.35
C1,67,2709.65
C1,68,-2666.35
C1,69,-835.68
C1,70,60.32
C1,71,-62.01
C1,72,318.32
C1,73,310.65
C1,74,273.32
C1,75,-245.01
C1,76,384.99
C1,77,-311.68
C1,78,213.99
C1,79,-64.01
C1,80,318.32
C1,81,-49.01
C1,82,136.32
C1,83,90.99
C1,84,63.65
C1,85,11.99
C1,86,50.65
C1,87,-37.35
C1,88,259.65
C1,89,11.65
C1,90,162.32
C1,91,-31.35
C1,92,7.99
C1,93,11.65
C1,94,-64.68
C1,95,98.99
C1,96,130.99
C1,97,-99.68
C1,98,-223.68
C1,99,-68.35
C1,0,2369.95
C1,1,-2873.71
C1,2,-2029.05
C1,3,-91.71
C1,4,-316.71
C1,5,116.62
C1,6,191.29
C1,7,737.95
C1,8,-97.38
C1,9,-248.05
C1,10,1711.62
C1,11,1130.62
C1,12,3016.62
C1,13,381.62
C1,14,-544.38
C1,15,467.95
C1,16,-903.38
C1,17,-4087.05
C1,18,-251.38
C1,19,875.29
C1,20,1317.62
C1,21,215.62
C1,22,-502.05
C1,23,-1075.05
C1,24,-184.38
C1,25,2203.29
C1,26,-145.38
C1,27,-3514.38
C1,28,-3015.71
C1,29,316.62
C1,30,-2388.71
C1,31,-2758.71
C1,32,92.29
C1,33,2276.95
C1,34,4376.62
C1,35,4103.29
C1,36,915.62
C1,37,-2010.71
C1,38,-5740.05
C1,39,-2126.71
C1,40,-1639.05
C1,41,1975.29
C1,42,724.95
C1,43,1517.29
C1,44,813.95
C1,45,-2062.05
C1,46,-843.05
C1,47,-655.38
C1,48,795.95
C1,49,-2410.71
C1,50,-1708.05
C1,51,1062.95
C1,52,1473.95
C1,53,-1835.71
C1,54,-2808.71
C1,55,-927.71
C1,56,1249.29
C1,57,-991.71
C1,58,-1677.71
C1,59,2282.29
C1,60,3029.29
C1,61,-5033.05
C1,62,-2082.05
C1,63,3238.62
C1,64,2874.62
C1,65,-892.38
C1,66,-391.05
C1,67,89.29
C1,68,-14.71
C1,69,199.62
C1,70,36.95
C1,71,101.29
C1,72,442.95
C1,73,-127.71
C1,74,260.95
C1,75,-136.05
C1,76,-75.05
C1,77,-27.38
C1,78,82.95
C1,79,-152.38
C1,80,-444.05
C1,81,438.62
C1,82,-31.38
C1,83,374.62
C1,84,-144.38
C1,85,-251.71
C1,86,187.62
C1,87,45.62
C1,88,-446.05
C1,89,-119.38
C1,90,-452.71
C1,91,-233.05
C1,92,175.95
C1,93,-440.38
C1,94,-37.71
C1,95,275.29
C1,96,-449.05
C1,97,-49.71
C1,98,178.29
C1,99,-97.71
C1,0,-3532.33
C1,1,-1907.33
C1,2,-1842.33
C1,3,-1126.66
C1,4,234.01
C1,5,41.67
C1,6,31.01
C1,7,-57.33
C1,8,83.67
C1,9,-1149.66
C1,10,469.34
C1,11,1330.67
C1,12,1340.67
C1,13,319.34
C1,14,184.34
C1,15,-625.33
C1,16,-233.33
C1,17,1926.01
C1,18,783.01
C1,19,-1825.33
C1,20,-2477.99
C1,21,8.67
C1,22,253.34
C1,23,956.34
C1,24,1128.67
C1,25,1647.67
C1,26,1931.01
C1,27,-194.33
C1,28,-1296.33
C1,29,-2179.33
C1,30,2600.34
C1,31,169.67
C1,32,-2094.66
C1,33,2002.34
C1,34,-548.99
C1,35,-4907.66
C1,36,-2709.66
C1,37,2032.67
C1,38,1074.67
C1,39,-79.66
C1,40,-864.33
C1,41,-994.99
C1,42,-1221.66
C1,43,2865.01
C1,44,2280.67
C1,45,-1190.66
C1,46,847.01
C1,47,614.01
C1,48,-466.99
C1,49,-575.99
C1,50,-1003.66
C1,51,-3395.66
C1,52,-3259.66
C1,53,1307.67
C1,54,4719.67
C1,55,4255.67
C1,56,768.34
C1,57,-1649.33
C1,58,-973.99
C1,59,-994.33
C1,60,-566.99
C1,61,-321.99
C1,62,-1253.33
C1,63,-1887.99
C1,64,184.67
C1,65,660.01
C1,66,3195.01
C1,67,-2861.99
C1,68,-3122.33
C1,69,4514.34
C1,70,-703.33
C1,71,517.01
C1,72,1639.34
C1,73,652.34
C1,74,-306.66
C1,75,-803.66
C1,76,-827.33
C1,77,-942.66
C1,78,-1425.66
C1,79,-4246.66
C1,80,-237.66
C1,81,1387.34
C1,82,1748.01
C1,83,1325.67
C1,84,-87.66
C1,85,196.67
C1,86,-867.99
C1,87,-2784.33
C1,88,-4529.66
C1,89,1446.34
C1,90,1465.67
C1,91,7.34
C1,92,-58.66
C1,93,-28.33
C1,94,-764.99
C1,95,1512.34
C1,96,1592.34
C1,97,-97.66
C1,98,-2299.99
C1,99,-1203.99
C1,0,-3867.66
C1,1,210.34
C1,2,1553.67
C1,3,873.34
C1,4,-54.33
C1,5,357.01
C1,6,-142.66
C1,7,-170.99
C1,8,79.67
C1,9,-110.99
C1,10,1356.67
C1,11,-963.99
C1,12,380.67
C1,13,-363.99
C1,14,-788.66
C1,15,-2442.33
C1,16,-4132.33
C1,17,-74.33
C1,18,-57.99
C1,19,-965.33
C1,20,-3668.33
C1,21,-2898.66
C1,22,327.34
C1,23,2425.67
C1,24,3724.34
C1,25,1568.01
C1,26,-754.33
C1,27,-1330.33
C1,28,-1553.99
C1,29,-1747.33
C1,30,-1192.33
C1,31,1100.01
C1,32,2295.67
C1,33,4474.34
C1,34,-367.33
C1,35,1367.34
C1,36,127.34
C1,37,-1978.99
C1,38,-4981.33
C1,39,-1641.66
C1,40,1985.34
C1,41,2587.67
C1,42,980.34
C1,43,-2010.33
C1,44,-856.66
C1,45,-316.99
C1,46,570.34
C1,47,-1031.33
C1,48,-1097.99
C1,49,-2314.99
C1,50,-1672.33
C1,51,1214.01
C1,52,838.67
C1,53,-693.66
C1,54,1124.67
C1,55,575.01
C1,56,-32.99
C1,57,-3335.99
C1,58,-3549.99
C1,59,-4119.99
C1,60,-972.99
C1,61,5641.67
C1,62,7365.01
C1,63,3367.67
C1,64,-753.33
C1,65,-306.99
C1,66,1263.01
C1,67,-6966.99
C1,68,-95.66
C1,69,3876.34
C1,70,-5311.99
C1,71,-2344.99
C1,72,2236.01
C1,73,-1198.33
C1,74,1997.01
C1,75,-1052.66
C1,76,878.67
C1,77,-417.66
C1,78,79.34
C1,79,143.01
C1,80,-781.99
C1,81,241.01
C1,82,-78.33
C1,83,88.01
C1,84,44.34
C1,85,-67.33
C1,86,-402.66
C1,87,-10.99
C1,88,-139.99
C1,89,-52.99
C1,90,-96.66
C1,91,-555.66
C1,92,130.67
C1,93,178.34
C1,94,-494.33
C1,95,167.01
C1,96,11.67
C1,97,-205.66
C1,98,139.01
C1,99,-70.33
C1,0,-4602.53
C1,1,856.81
C1,2,639.47
C1,3,786.47
C1,4,468.47
C1,5,172.47
C1,6,-277.86
C1,7,-6.86
C1,8,616.47
C1,9,583.47
C1,10,1600.14
C1,11,623.47
C1,12,-875.86
C1,13,-3330.19
C1,14,-2050.53
C1,15,2384.47
C1,16,-967.19
C1,17,-2618.19
C1,18,-4560.86
C1,19,-1729.53
C1,20,2343.14
C1,21,2909.81
C1,22,528.14
C1,23,-892.86
C1,24,-3814.53
C1,25,-2381.53
C1,26,-36.19
C1,27,579.47
C1,28,1361.47
C1,29,3256.81
C1,30,3678.47
C1,31,-83.53
C1,32,-1409.86
C1,33,2216.47
C1,34,-1131.53
C1,35,-4558.19
C1,36,-2093.86
C1,37,-1527.19
C1,38,841.47
C1,39,-1226.53
C1,40,-2782.86
C1,41,-1994.19
C1,42,969.47
C1,43,1265.14
C1,44,-926.19
C1,45,-2476.53
C1,46,446.47
C1,47,1656.81
C1,48,1134.14
C1,49,39.14
C1,50,-1362.86
C1,51,1132.81
C1,52,558.47
C1,53,-2231.53
C1,54,-568.53
C1,55,-3020.53
C1,56,-3942.86
C1,57,-361.19
C1,58,2644.47
C1,59,4742.47
C1,60,3798.14
C1,61,1108.81
C1,62,-1582.19
C1,63,-2117.86
C1,64,-1913.19
C1,65,1792.14
C1,66,2485.47
C1,67,-2102.86
C1,68,-198.19
C1,69,-4154.19
C1,70,-2253.53
C1,71,-146.86
C1,72,33.47
C1,73,-583.19
C1,74,-402.53
C1,75,1.14
C1,76,135.14
C1,77,-143.53
C1,78,-133.19
C1,79,-31.86
C1,80,-111.53
C1,81,-50.86
C1,82,58.14
C1,83,-359.53
C1,84,-299.19
C1,85,-99.53
C1,86,256.14
C1,87,-27.19
C1,88,619.81
C1,89,324.14
C1,90,195.47
C1,91,78.47
C1,92,143.14
C1,93,0.14
C1,94,-192.53
C1,95,428.14
C1,96,1051.47
C1,97,-113.53
C1,98,117.47
C1,99,-457.19
C1,0,-4037.49
C1,1,648.18
C1,2,404.85
C1,3,266.85
C1,4,-67.15
C1,5,-226.15
C1,6,206.18
C1,7,10.18
C1,8,10.85
C1,9,218.85
C1,10,-119.49
C1,11,620.18
C1,12,724.85
C1,13,-3972.15
C1,14,-2382.49
C1,15,189.85
C1,16,-8511.49
C1,17,-2511.49
C1,18,-1586.49
C1,19,1581.85
C1,20,2629.18
C1,21,4.51
C1,22,-125.15
C1,23,-325.15
C1,24,-3974.15
C1,25,-662.82
C1,26,-234.15
C1,27,-462.15
C1,28,-2237.49
C1,29,42.18
C1,30,-485.15
C1,31,-74.15
C1,32,-52.82
C1,33,220.18
C1,34,3151.51
C1,35,1431.18
C1,36,-7.49
C1,37,519.51
C1,38,-2050.49
C1,39,-2206.49
C1,40,950.51
C1,41,2896.18
C1,42,-208.15
C1,43,-6988.82
C1,44,-3039.15
C1,45,628.51
C1,46,453.85
C1,47,920.18
C1,48,-266.49
C1,49,-2362.49
C1,50,190.51
C1,51,2340.85
C1,52,542.51
C1,53,851.85
C1,54,-28.82
C1,55,751.85
C1,56,-1303.49
C1,57,-1947.49
C1,58,-3725.82
C1,59,-3278.15
C1,60,-699.15
C1,61,337.18
C1,62,6915.18
C1,63,6044.51
C1,64,458.51
C1,65,-2518.82
C1,66,1832.18
C1,67,-6610.15
C1,68,-3096.49
C1,69,1210.18
C1,70,1127.18
C1,71,901.18
C1,72,97.51
C1,73,-54.15
C1,74,100.18
C1,75,-1.82
C1,76,40.18
C1,77,-40.15
C1,78,26.51
C1,79,-63.49
C1,80,-122.49
C1,81,21.51
C1,82,-134.49
C1,83,96.85
C1,84,-17.15
C1,85,-54.49
C1,86,107.18
C1,87,135.18
C1,88,-102.15
C1,89,75.85
C1,90,-105.82
C1,91,-17.15
C1,92,-100.82
C1,93,-131.15
C1,94,-56.49
C1,95,-46.82
C1,96,-27.82
C1,97,112.85
C1,98,-161.49
C1,99,-22.15
C1,0,-3688.59
C1,1,-2181.25
C1,2,-2437.25
C1,3,-1681.92
C1,4,-1433.59
C1,5,76.08
C1,6,-337.92
C1,7,-136.25
C1,8,248.75
C1,9,536.41
C1,10,-62.59
C1,11,-911.92
C1,12,-488.92
C1,13,925.75
C1,14,1055.41
C1,15,502.75
C1,16,-1678.59
C1,17,167.75
C1,18,-514.59
C1,19,-886.59
C1,20,-2028.59
C1,21,-1112.25
C1,22,-2465.92
C1,23,767.41
C1,24,1450.08
C1,25,224.41
C1,26,-4250.92
C1,27,224.08
C1,28,572.75
C1,29,-1044.25
C1,30,382.75
C1,31,1912.75
C1,32,3893.41
C1,33,376.08
C1,34,-1044.92
C1,35,27.08
C1,36,-916.59
C1,37,-3321.25
C1,38,-2760.92
C1,39,963.08
C1,40,1358.41
C1,41,804.75
C1,42,-1924.59
C1,43,-2238.25
C1,44,-147.92
C1,45,825.08
C1,46,334.08
C1,47,-2396.92
C1,48,604.41
C1,49,1946.08
C1,50,2062.41
C1,51,-20.59
C1,52,-2159.25
C1,53,-3429.92
C1,54,-2250.25
C1,55,-1305.59
C1,56,1364.41
C1,57,850.08
C1,58,-1663.92
C1,59,-869.25
C1,60,2441.08
C1,61,5583.41
C1,62,-73.59
C1,63,-838.92
C1,64,-3060.92
C1,65,826.75
C1,66,-8025.92
C1,67,4633.75
C1,68,3854.08
C1,69,-380.92
C1,70,-99.59
C1,71,-610.59
C1,72,-392.92
C1,73,891.41
C1,74,-841.25
C1,75,-40.92
C1,76,-529.92
C1,77,-1098.59
C1,78,-306.25
C1,79,205.75
C1,80,-1775.92
C1,81,-1116.92
C1,82,-1843.92
C1,83,-472.59
C1,84,-1034.25
C1,85,1376.08
C1,86,-99.92
C1,87,-706.59
C1,88,-1106.59
C1,89,-1565.92
C1,90,-892.25
C1,91,-1720.59
C1,92,144.41
C1,93,-199.25
C1,94,864.41
C1,95,-7.92
C1,96,-502.92
C1,97,-1752.59
C1,98,341.75
C1,99,48.41
C1,0,-3944.43
C1,1,-5638.43
C1,2,1690.57
C1,3,2092.57
C1,4,781.57
C1,5,20.57
C1,6,96.23
C1,7,77.57
C1,8,249.23
C1,9,83.23
C1,10,509.57
C1,11,-2182.1
C1,12,-2506.1
C1,13,1931.57
C1,14,-610.43
C1,15,-1105.77
C1,16,-2262.43
C1,17,1265.9
C1,18,297.9
C1,19,1534.57
C1,20,-1243.1
C1,21,-3863.77
C1,22,1064.57
C1,23,-733.43
C1,24,-2125.1
C1,25,1036.23
C1,26,853.23
C1,27,-1039.43
C1,28,1856.9
C1,29,3027.9
C1,30,-641.1
C1,31,-2490.1
C1,32,-1036.77
C1,33,1545.23
C1,34,386.9
C1,35,2016.23
C1,36,-5010.77
C1,37,-569.1
C1,38,-239.77
C1,39,1299.9
C1,40,-1084.43
C1,41,-2935.1
C1,42,-1825.77
C1,43,6.9
C1,44,-957.43
C1,45,-1843.43
C1,46,-140.77
C1,47,-1130.43
C1,48,-516.43
C1,49,-999.1
C1,50,2048.23
C1,51,1032.23
C1,52,331.57
C1,53,911.9
C1,54,-752.43
C1,55,-1670.1
C1,56,-357.77
C1,57,779.57
C1,58,-1332.77
C1,59,62.57
C1,60,2197.9
C1,61,-436.77
C1,62,-2501.43
C1,63,-4133.1
C1,64,-1353.1
C1,65,2686.23
C1,66,-1434.43
C1,67,-162.77
C1,68,140.57
C1,69,369.57
C1,70,-59.77
C1,71,-77.43
C1,72,-202.43
C1,73,53.9
C1,74,-53.77
C1,75,-10.77
C1,76,-263.1
C1,77,42.57
C1,78,62.57
C1,79,-62.77
C1,80,-374.43
C1,81,-97.77
C1,82,101.9
C1,83,-33.77
C1,84,32.23
C1,85,150.9
C1,86,78.9
C1,87,-188.1
C1,88,-192.77
C1,89,-146.1
C1,90,-44.77
C1,91,-121.1
C1,92,-26.1
C1,93,-70.77
C1,94,12.57
C1,95,406.9
C1,96,147.23
C1,97,-46.43
C1,98,-11.43
C1,99,-66.77
C1,0,-3970.01
C1,1,-5957.01
C1,2,-2699.67
C1,3,-2314.34
C1,4,188.66
C1,5,-238.67
C1,6,-148.67
C1,7,173.66
C1,8,-112.34
C1,9,260.99
C1,10,-376.34
C1,11,-1531.67
C1,12,-536.67
C1,13,1062.99
C1,14,293.99
C1,15,2011.33
C1,16,635.33
C1,17,2518.66
C1,18,1099.66
C1,19,-1580.34
C1,20,-2617.34
C1,21,-1007.01
C1,22,-2104.01
C1,23,-2440.67
C1,24,3329.66
C1,25,634.66
C1,26,-791.01
C1,27,-353.34
C1,28,-1151.67
C1,29,875.99
C1,30,126.33
C1,31,2099.99
C1,32,2184.66
C1,33,124.99
C1,34,4339.66
C1,35,-4030.67
C1,36,-1978.67
C1,37,-1184.34
C1,38,-113.01
C1,39,-2645.67
C1,40,-4924.01
C1,41,-2610.67
C1,42,3096.99
C1,43,2877.66
C1,44,3046.99
C1,45,-1137.01
C1,46,-1380.67
C1,47,-102.01
C1,48,1099.66
C1,49,2246.99
C1,50,-731.01
C1,51,1479.99
C1,52,1499.33
C1,53,-1262.67
C1,54,-2427.34
C1,55,-2383.01
C1,56,-2135.34
C1,57,124.33
C1,58,1517.99
C1,59,2735.99
C1,60,-978.67
C1,61,-919.01
C1,62,-62.01
C1,63,630.66
C1,64,1228.33
C1,65,2752.33
C1,66,-6591.34
C1,67,4542.33
C1,68,4591.33
C1,69,-3716.34
C1,70,1352.99
C1,71,-749.67
C1,72,133.66
C1,73,724.99
C1,74,375.99
C1,75,20.66
C1,76,-446.01
C1,77,843.99
C1,78,-363.34
C1,79,-1955.01
C1,80,-406.67
C1,81,-1915.01
C1,82,594.99
C1,83,125.33
C1,84,-109.67
C1,85,-1423.67
C1,86,-2.34
C1,87,-24.01
C1,88,-69.67
C1,89,-665.34
C1,90,238.33
C1,91,-33.01
C1,92,521.66
C1,93,2813.33
C1,94,394.66
C1,95,905.66
C1,96,-708.01
C1,97,-159.67
C1,98,-207.34
C1,99,82.33
C1,0,-4752.39
C1,1,-686.72
C1,2,-1563.72
C1,3,-1314.72
C1,4,-1764.72
C1,5,-1017.05
C1,6,-509.72
C1,7,611.95
C1,8,-1093.05
C1,9,-525.05
C1,10,-819.39
C1,11,-1042.39
C1,12,350.95
C1,13,-152.39
C1,14,-19.39
C1,15,-14.39
C1,16,109.28
C1,17,-395.05
C1,18,96.61
C1,19,-95.39
C1,20,269.95
C1,21,-320.05
C1,22,341.61
C1,23,-318.05
C1,24,-41.05
C1,25,-306.39
C1,26,490.61
C1,27,-126.72
C1,28,-885.72
C1,29,47.61
C1,30,-160.05
C1,31,77.61
C1,32,-413.05
C1,33,25.95
C1,34,-114.05
C1,35,725.61
C1,36,-438.39
C1,37,317.61
C1,38,383.61
C1,39,784.61
C1,40,601.28
C1,41,2117.61
C1,42,2111.28
C1,43,-1144.39
C1,44,-1952.05
C1,45,-387.39
C1,46,-2625.72
C1,47,91.28
C1,48,-1023.39
C1,49,-1690.39
C1,50,-694.39
C1,51,-1766.39
C1,52,-3530.39
C1,53,-2006.39
C1,54,-368.72
C1,55,3784.61
C1,56,6158.95
C1,57,3588.95
C1,58,5158.95
C1,59,-1064.39
C1,60,-3098.72
C1,61,-1231.72
C1,62,-3107.05
C1,63,-1804.05
C1,64,1445.95
C1,65,1312.61
C1,66,5001.28
C1,67,1849.28
C1,68,-2087.05
C1,69,-1884.39
C1,70,552.28
C1,71,-1589.05
C1,72,-682.72
C1,73,260.95
C1,74,-1695.72
C1,75,-1316.72
C1,76,661.61
C1,77,2618.61
C1,78,822.61
C1,79,3813.28
C1,80,5776.61
C1,81,3166.28
C1,82,-919.39
C1,83,-4800.05
C1,84,-523.39
C1,85,-2678.72
C1,86,609.95
C1,87,-1734.39
C1,88,439.95
C1,89,-1359.05
C1,90,195.95
C1,91,2206.28
C1,92,-2496.72
C1,93,4153.28
C1,94,-1579.72
C1,95,259.61
C1,96,581.61
C1,97,-1067.05
C1,98,-784.72
C1,99,921.28
C2,0,-3911.36
C2,1,-1294.03
C2,2,-1275.36
C2,3,-34.03
C2,4,-105.36
C2,5,10.64
C2,6,-41.36
C2,7,70.64
C2,8,211.97
C2,9,-1636.69
C2,10,-379.36
C2,11,-759.03
C2,12,1566.31
C2,13,2876.97
C2,14,-2031.69
C2,15,-1591.36
C2,16,1101.64
C2,17,-1686.36
C2,18,-1299.69
C2,19,-2981.03
C2,20,-493.03
C2,21,1578.64
C2,22,2966.64
C2,23,-2650.03
C2,24,-2538.36
C2,25,-1722.69
C2,26,-277.36
C2,27,708.31
C2,28,-1031.69
C2,29,308.31
C2,30,461.64
C2,31,860.97
C2,32,3125.31
C2,33,1893.64
C2,34,-4670.36
C2,35,-1341.69
C2,36,776.31
C2,37,1988.31
C2,38,1274.97
C2,39,6025.31
C2,40,-4097.69
C2,41,-5603.69
C2,42,1475.31
C2,43,2841.64
C2,44,80.97
C2,45,-1427.36
C2,46,-1171.69
C2,47,3459.31
C2,48,1677.64
C2,49,1359.64
C2,50,-233.03
C2,51,-119.36
C2,52,2686.97
C2,53,-1767.69
C2,54,88.31
C2,55,785.97
C2,56,2260.97
C2,57,-919.36
C2,58,-2783.03
C2,59,-3293.36
C2,60,-987.36
C2,61,1970.31
C2,62,2122.31
C2,63,2666.31
C2,64,835.64
C2,65,-6211.36
C2,66,-122.36
C2,67,-997.36
C2,68,4352.97
C2,69,695.64
C2,70,-1441.36
C2,71,-131.03
C2,72,262.31
C2,73,268.31
C2,74,43.64
C2,75,242.64
C2,76,-193.36
C2,77,-180.03
C2,78,-385.03
C2,79,45.31
C2,80,-336.69
C2,81,61.97
C2,82,8.31
C2,83,204.64
C2,84,150.64
C2,85,220.31
C2,86,249.64
C2,87,-102.69
C2,88,-335.69
C2,89,-283.36
C2,90,100.97
C2,91,-235.36
C2,92,-46.36
C2,93,-151.03
C2,94,-199.03
C2,95,-170.69
C2,96,124.64
C2,97,-74.03
C2,98,-16.36
C2,99,-231.36
C2,0,-4107.24
C2,1,-2654.57
C2,2,-33.91
C2,3,281.43
C2,4,26.76
C2,5,-120.91
C2,6,-160.57
C2,7,93.76
C2,8,-28.57
C2,9,353.43
C2,10,188.09
C2,11,-2761.91
C2,12,-369.57
C2,13,-392.57
C2,14,1966.43
C2,15,1139.09
C2,16,-205.24
C2,17,-2735.91
C2,18,-607.57
C2,19,-1358.91
C2,20,504.76
C2,21,-27.57
C2,22,-1277.57
C2,23,-922.91
C2,24,579.43
C2,25,4020.09
C2,26,-730.91
C2,27,-284.24
C2,28,-114.57
C2,29,1272.09
C2,30,4475.09
C2,31,718.43
C2,32,-4966.24
C2,33,-2823.57
C2,34,1313.43
C2,35,-134.91
C2,36,-2532.91
C2,37,-1558.57
C2,38,-60.57
C2,39,89.43
C2,40,-2113.91
C2,41,-712.57
C2,42,1590.09
C2,43,860.09
C2,44,-945.91
C2,45,-953.91
C2,46,1840.76
C2,47,2148.43
C2,48,373.09
C2,49,-674.24
C2,50,-100.91
C2,51,-2114.57
C2,52,4754.76
C2,53,6512.09
C2,54,1101.09
C2,55,-2101.91
C2,56,-462.57
C2,57,1223.76
C2,58,-948.24
C2,59,-1272.24
C2,60,-1425.91
C2,61,-3567.24
C2,62,-1410.57
C2,63,-1144.57
C2,64,-1189.24
C2,65,2897.76
C2,66,2685.09
C2,67,-63.57
C2,68,3004.43
C2,69,-455.91
C2,70,-474.24
C2,71,-143.91
C2,72,300.43
C2,73,-103.57
C2,74,-367.57
C2,75,-349.57
C2,76,116.43
C2,77,315.09
C2,78,-532.57
C2,79,-356.91
C2,80,-235.91
C2,81,-680.91
C2,82,302.43
C2,83,-556.24
C2,84,-372.91
C2,85,-931.91
C2,86,-702.24
C2,87,565.43
C2,88,-1203.91
C2,89,-410.57
C2,90,34.43
C2,91,27.76
C2,92,-362.57
C2,93,93.09
C2,94,-111.91
C2,95,42.43
C2,96,650.76
C2,97,296.09
C2,98,-165.24
C2,99,-1016.57
C2,0,-3487.13
C2,1,-1877.47
C2,2,-1130.47
C2,3,185.2
C2,4,-123.47
C2,5,-142.13
C2,6,-108.47
C2,7,-7.13
C2,8,737.2
C2,9,-575.8
C2,10,181.53
C2,11,1589.2
C2,12,2492.53
C2,13,-3762.8
C2,14,-1699.8
C2,15,1631.53
C2,16,151.87
C2,17,-824.8
C2,18,-439.13
C2,19,-7.8
C2,20,-618.13
C2,21,-72.13
C2,22,1183.87
C2,23,836.87
C2,24,-849.13
C2,25,-4096.13
C2,26,-829.8
C2,27,1502.87
C2,28,2295.87
C2,29,1067.53
C2,30,531.87
C2,31,1353.87
C2,32,-1207.47
C2,33,4091.53
C2,34,-3936.13
C2,35,-2543.47
C2,36,-441.13
C2,37,-85.13
C2,38,3858.2
C2,39,329.53
C2,40,-4937.47
C2,41,-3011.47
C2,42,1635.53
C2,43,2456.87
C2,44,3985.53
C2,45,-825.8
C2,46,-1335.13
C2,47,338.87
C2,48,1523.87
C2,49,1682.2
C2,50,2871.2
C2,51,971.53
C2,52,-1675.8
C2,53,274.87
C2,54,-1198.47
C2,55,11.2
C2,56,2160.53
C2,57,-403.47
C2,58,1030.2
C2,59,23.2
C2,60,573.87
C2,61,-1892.8
C2,62,94.2
C2,63,-2648.13
C2,64,-2483.47
C2,65,127.2
C2,66,-1050.13
C2,67,-88.8
C2,68,366.2
C2,69,-41.8
C2,70,-38.8
C2,71,31.53
C2,72,-87.13
C2,73,146.87
C2,74,71.87
C2,75,-218.47
C2,76,-25.8
C2,77,105.2
C2,78,-78.13
C2,79,205.2
C2,80,-290.47
C2,81,140.53
C2,82,10.2
C2,83,-179.8
C2,84,-335.47
C2,85,13.53
C2,86,-165.8
C2,87,-140.47
C2,88,-147.47
C2,89,-310.8
C2,90,-25.13
C2,91,268.2
C2,92,29.53
C2,93,21.53
C2,94,150.2
C2,95,-21.47
C2,96,-316.8
C2,97,-131.47
C2,98,-125.8
C2,99,-355.13
C2,0,-4822.77
C2,1,133.56
C2,2,-91.77
C2,3,201.56
C2,4,-298.44
C2,5,-119.44
C2,6,-20.44
C2,7,123.89
C2,8,-2.44
C2,9,2713.23
C2,10,1499.89
C2,11,-1990.44
C2,12,-2686.44
C2,13,-1450.44
C2,14,-1337.11
C2,15,363.56
C2,16,-837.77
C2,17,-1147.44
C2,18,211.89
C2,19,1733.23
C2,20,1209.56
C2,21,-2070.77
C2,22,2036.89
C2,23,2228.23
C2,24,863.89
C2,25,-2875.11
C2,26,-2750.77
C2,27,142.89
C2,28,462.56
C2,29,-735.11
C2,30,43.23
C2,31,-1168.77
C2,32,-1510.44
C2,33,510.89
C2,34,2230.89
C2,35,-790.11
C2,36,-1382.44
C2,37,456.89
C2,38,1873.89
C2,39,1794.23
C2,40,3526.89
C2,41,-6010.77
C2,42,-1033.77
C2,43,1124.56
C2,44,2035.56
C2,45,622.56
C2,46,-2392.77
C2,47,-619.11
C2,48,2223.89
C2,49,-106.44
C2,50,-2418.77
C2,51,-329.11
C2,52,874.56
C2,53,1882.56
C2,54,-900.77
C2,55,-3493.44
C2,56,918.23
C2,57,2449.56
C2,58,-2744.11
C2,59,-1261.11
C2,60,-976.77
C2,61,1166.89
C2,62,6858.89
C2,63,4945.23
C2,64,359.23
C2,65,-1003.11
C2,66,-641.11
C2,67,1174.56
C2,68,-2112.44
C2,69,473.23
C2,70,172.23
C2,71,-191.11
C2,72,303.89
C2,73,-282.77
C2,74,321.23
C2,75,37.56
C2,76,36.89
C2,77,426.56
C2,78,37.56
C2,79,637.89
C2,80,-195.11
C2,81,-442.77
C2,82,-188.11
C2,83,-433.44
C2,84,-643.44
C2,85,-102.77
C2,86,-52.44
C2,87,20.56
C2,88,-511.77
C2,89,-3.11
C2,90,-440.77
C2,91,277.23
C2,92,-341.44
C2,93,392.56
C2,94,34.89
C2,95,469.89
C2,96,-124.11
C2,97,402.56
C2,98,-494.44
C2,99,-28.11
C2,0,-4118.46
C2,1,673.21
C2,2,-46.46
C2,3,-17.79
C2,4,-2.13
C2,5,344.54
C2,6,-352.46
C2,7,42.54
C2,8,32.87
C2,9,12.87
C2,10,-350.46
C2,11,-77.79
C2,12,1872.21
C2,13,187.21
C2,14,-371.79
C2,15,-3592.46
C2,16,-1740.79
C2,17,1738.87
C2,18,2565.54
C2,19,-247.79
C2,20,-1342.46
C2,21,-1582.13
C2,22,-2249.79
C2,23,-67.13
C2,24,397.87
C2,25,2652.21
C2,26,2978.21
C2,27,317.54
C2,28,-1505.46
C2,29,-791.46
C2,30,-4084.79
C2,31,-998.79
C2,32,-612.46
C2,33,1740.87
C2,34,4326.21
C2,35,1462.87
C2,36,-3069.79
C2,37,-4336.79
C2,38,-573.79
C2,39,980.21
C2,40,-18.79
C2,41,-1178.79
C2,42,-1307.46
C2,43,1509.87
C2,44,35.21
C2,45,-1299.46
C2,46,1037.21
C2,47,3241.21
C2,48,798.87
C2,49,-649.46
C2,50,-1102.79
C2,51,-1557.79
C2,52,-205.46
C2,53,2547.21
C2,54,1780.54
C2,55,324.54
C2,56,82.87
C2,57,-1034.79
C2,58,-790.79
C2,59,-5023.13
C2,60,-552.13
C2,61,2848.54
C2,62,2424.87
C2,63,189.87
C2,64,-3644.46
C2,65,-3745.79
C2,66,1880.87
C2,67,-565.79
C2,68,-3857.46
C2,69,-1825.13
C2,70,-1069.79
C2,71,181.54
C2,72,-583.13
C2,73,-89.13
C2,74,79.87
C2,75,175.87
C2,76,139.54
C2,77,-156.13
C2,78,384.21
C2,79,-136.79
C2,80,-448.13
C2,81,-342.79
C2,82,-44.46
C2,83,-40.13
C2,84,91.54
C2,85,2030.87
C2,86,1641.54
C2,87,-337.13
C2,88,-577.79
C2,89,-402.46
C2,90,-578.13
C2,91,-509.79
C2,92,5.87
C2,93,-1123.13
C2,94,-423.79
C2,95,-341.13
C2,96,-309.79
C2,97,-512.46
C2,98,-142.79
C2,99,-75.79
C2,0,-4063.65
C2,1,-3955.99
C2,2,-1639.99
C2,3,-619.32
C2,4,-790.32
C2,5,31.01
C2,6,249.68
C2,7,-189.65
C2,8,175.68
C2,9,-1652.99
C2,10,-1431.99
C2,11,-219.65
C2,12,-164.99
C2,13,26.68
C2,14,-685.99
C2,15,1530.68
C2,16,2202.68
C2,17,-39.99
C2,18,-2784.99
C2,19,-3400.99
C2,20,866.68
C2,21,1342.35
C2,22,1103.68
C2,23,4087.01
C2,24,3818.35
C2,25,991.68
C2,26,1779.35
C2,27,1268.01
C2,28,-3766.65
C2,29,-4413.65
C2,30,-1035.65
C2,31,130.68
C2,32,1562.68
C2,33,2014.01
C2,34,-309.32
C2,35,-646.32
C2,36,-794.65
C2,37,-406.65
C2,38,-49.32
C2,39,-1651.99
C2,40,-957.65
C2,41,2449.68
C2,42,3619.01
C2,43,-887.99
C2,44,-245.99
C2,45,587.68
C2,46,680.68
C2,47,-3515.99
C2,48,-3054.32
C2,49,-3731.99
C2,50,2501.01
C2,51,12402.35
C2,52,2443.35
C2,53,-3000.65
C2,54,-929.65
C2,55,-1663.32
C2,56,-1104.99
C2,57,1115.68
C2,58,2233.01
C2,59,-732.32
C2,60,-1484.99
C2,61,-1154.32
C2,62,744.01
C2,63,4219.01
C2,64,989.68
C2,65,-675.32
C2,66,-5032.32
C2,67,948.01
C2,68,503.01
C2,69,-2683.99
C2,70,-348.32
C2,71,-216.65
C2,72,218.01
C2,73,-30.32
C2,74,101.35
C2,75,-143.65
C2,76,-129.32
C2,77,-46.65
C2,78,10.01
C2,79,-112.32
C2,80,241.35
C2,81,-521.99
C2,82,-623.65
C2,83,52.35
C2,84,-481.65
C2,85,60.01
C2,86,41.35
C2,87,-161.99
C2,88,384.68
C2,89,360.01
C2,90,-239.99
C2,91,-84.32
C2,92,-81.65
C2,93,-471.32
C2,94,-421.32
C2,95,-606.65
C2,96,37.35
C2,97,140.35
C2,98,-299.99
C2,99,93.68
C2,0,-3820.49
C2,1,-2115.15
C2,2,-1543.82
C2,3,-107.15
C2,4,-286.82
C2,5,-129.15
C2,6,227.85
C2,7,98.85
C2,8,-699.15
C2,9,177.18
C2,10,2592.51
C2,11,2032.85
C2,12,-477.49
C2,13,-3372.15
C2,14,-1127.49
C2,15,3109.51
C2,16,1319.51
C2,17,1129.85
C2,18,-2364.15
C2,19,-1784.82
C2,20,55.51
C2,21,2422.51
C2,22,1262.85
C2,23,2162.51
C2,24,1123.51
C2,25,-223.82
C2,26,-443.82
C2,27,-822.49
C2,28,-5953.15
C2,29,-199.49
C2,30,873.51
C2,31,568.51
C2,32,-355.15
C2,33,-2851.82
C2,34,-2592.15
C2,35,648.51
C2,36,1132.85
C2,37,1560.18
C2,38,15.85
C2,39,-241.82
C2,40,313.51
C2,41,-154.82
C2,42,1712.18
C2,43,1771.85
C2,44,2565.51
C2,45,-795.15
C2,46,-2248.82
C2,47,-1350.82
C2,48,2165.18
C2,49,2937.18
C2,50,3933.18
C2,51,956.85
C2,52,-387.49
C2,53,-671.49
C2,54,-4108.49
C2,55,-368.49
C2,56,-189.15
C2,57,216.85
C2,58,49.18
C2,59,-22.49
C2,60,-2468.15
C2,61,-66.15
C2,62,1358.51
C2,63,2437.18
C2,64,-344.15
C2,65,1149.18
C2,66,-2606.15
C2,67,202.18
C2,68,270.51
C2,69,-240.49
C2,70,-222.82
C2,71,-659.82
C2,72,29.85
C2,73,-189.15
C2,74,71.51
C2,75,388.85
C2,76,41.18
C2,77,-123.82
C2,78,-16.49
C2,79,-135.15
C2,80,58.85
C2,81,-271.15
C2,82,343.18
C2,83,14.85
C2,84,-135.15
C2,85,576.51
C2,86,626.85
C2,87,-358.49
C2,88,214.51
C2,89,-393.15
C2,90,-157.49
C2,91,67.85
C2,92,-509.15
C2,93,75.51
C2,94,-209.49
C2,95,309.85
C2,96,-65.15
C2,97,-100.82
C2,98,214.18
C2,99,206.51
C2,0,-3882.64
C2,1,-2630.97
C2,2,-1947.64
C2,3,-59.31
C2,4,3.03
C2,5,70.36
C2,6,-279.97
C2,7,-66.64
C2,8,-140.97
C2,9,-232.64
C2,10,80.69
C2,11,1259.69
C2,12,-457.64
C2,13,-821.31
C2,14,1101.36
C2,15,836.69
C2,16,-295.97
C2,17,-1675.97
C2,18,178.36
C2,19,381.03
C2,20,138.69
C2,21,-884.64
C2,22,-3227.97
C2,23,-227.97
C2,24,-770.31
C2,25,581.03
C2,26,1678.03
C2,27,1109.69
C2,28,957.36
C2,29,2072.69
C2,30,317.36
C2,31,-3698.64
C2,32,-6297.64
C2,33,972.36
C2,34,983.03
C2,35,-2093.64
C2,36,-1333.97
C2,37,-1746.97
C2,38,-1681.97
C2,39,18.03
C2,40,194.69
C2,41,169.69
C2,42,-1565.97
C2,43,218.03
C2,44,2372.69
C2,45,103.69
C2,46,2346.03
C2,47,4422.36
C2,48,-204.64
C2,49,-2788.97
C2,50,-1916.64
C2,51,-488.97
C2,52,594.03
C2,53,4439.36
C2,54,3939.69
C2,55,1504.03
C2,56,-472.97
C2,57,-3545.97
C2,58,-3995.31
C2,59,-1029.97
C2,60,-281.97
C2,61,-1692.97
C2,62,1187.69
C2,63,-2909.97
C2,64,1640.69
C2,65,1572.03
C2,66,1382.69
C2,67,-629.64
C2,68,-589.64
C2,69,120.03
C2,70,161.69
C2,71,-142.97
C2,72,-129.64
C2,73,274.03
C2,74,-497.97
C2,75,-866.31
C2,76,-190.64
C2,77,-39.97
C2,78,-546.97
C2,79,441.36
C2,80,-654.31
C2,81,55.03
C2,82,-143.64
C2,83,-419.64
C2,84,-486.64
C2,85,57.69
C2,86,-392.64
C2,87,50.36
C2,88,-258.31
C2,89,-201.31
C2,90,-49.31
C2,91,633.36
C2,92,113.36
C2,93,-327.97
C2,94,-133.31
C2,95,-228.97
C2,96,63.69
C2,97,-553.31
C2,98,-134.64
C2,99,-188.64
C2,0,-3679.55
C2,1,-1627.21
C2,2,1689.45
C2,3,702.79
C2,4,-284.55
C2,5,-18.55
C2,6,479.12
C2,7,-175.88
C2,8,407.45
C2,9,-57.21
C2,10,275.12
C2,11,147.12
C2,12,63.45
C2,13,-335.88
C2,14,100.79
C2,15,44.45
C2,16,19.12
C2,17,-194.88
C2,18,-245.55
C2,19,-69.21
C2,20,62.12
C2,21,-248.88
C2,22,-51.88
C2,23,-105.55
C2,24,51.45
C2,25,-3.21
C2,26,-52.21
C2,27,1870.79
C2,28,1376.45
C2,29,-508.21
C2,30,-2621.55
C2,31,-3567.55
C2,32,-628.55
C2,33,1800.12
C2,34,44.79
C2,35,-893.21
C2,36,-2656.21
C2,37,-1517.21
C2,38,571.12
C2,39,-134.88
C2,40,374.45
C2,41,32.79
C2,42,-2495.21
C2,43,-1018.55
C2,44,3256.45
C2,45,1948.12
C2,46,449.45
C2,47,834.79
C2,48,260.45
C2,49,2168.45
C2,50,1345.79
C2,51,-3810.55
C2,52,-7617.21
C2,53,-2679.88
C2,54,1801.12
C2,55,1318.79
C2,56,-2312.21
C2,57,907.79
C2,58,1710.79
C2,59,1066.79
C2,60,798.45
C2,61,773.79
C2,62,-675.55
C2,63,203.12
C2,64,-1496.21
C2,65,-435.88
C2,66,-278.88
C2,67,504.12
C2,68,-122.21
C2,69,-857.21
C2,70,-1864.21
C2,71,-2923.21
C2,72,2017.79
C2,73,5257.79
C2,74,3612.12
C2,75,-479.88
C2,76,-3427.21
C2,77,-4673.88
C2,78,1699.79
C2,79,1905.45
C2,80,-7.88
C2,81,-903.21
C2,82,-2080.21
C2,83,1198.79
C2,84,1359.79
C2,85,-4055.55
C2,86,-630.88
C2,87,-68.55
C2,88,-52.21
C2,89,-374.88
C2,90,108.12
C2,91,-6.88
C2,92,-143.88
C2,93,-382.88
C2,94,-362.88
C2,95,-10.55
C2,96,-80.21
C2,97,77.79
C2,98,125.12
C2,99,-21.21
C2,0,-5185.64
C2,1,-179.64
C2,2,-1274.31
C2,3,-391.31
C2,4,6.03
C2,5,-98.31
C2,6,-118.31
C2,7,-94.64
C2,8,-101.31
C2,9,182.03
C2,10,183.03
C2,11,-1813.64
C2,12,-225.64
C2,13,-2012.64
C2,14,-1467.31
C2,15,1177.36
C2,16,0.69
C2,17,-861.64
C2,18,-420.97
C2,19,2246.36
C2,20,3759.69
C2,21,1138.03
C2,22,-936.97
C2,23,898.36
C2,24,490.36
C2,25,3050.36
C2,26,199.03
C2,27,-6915.97
C2,28,-3300.97
C2,29,-718.97
C2,30,1271.69
C2,31,-1091.31
C2,32,3727.36
C2,33,3591.69
C2,34,612.36
C2,35,-1402.64
C2,36,-1430.31
C2,37,-590.64
C2,38,2411.03
C2,39,-3247.64
C2,40,-346.97
C2,41,-231.64
C2,42,3444.69
C2,43,765.36
C2,44,-2184.31
C2,45,-724.31
C2,46,-2287.97
C2,47,3180.03
C2,48,4802.69
C2,49,1234.03
C2,50,-2373.31
C2,51,-4311.64
C2,52,-1807.64
C2,53,3469.36
C2,54,2951.36
C2,55,479.03
C2,56,-177.64
C2,57,-2127.31
C2,58,-3322.31
C2,59,2012.03
C2,60,414.36
C2,61,1819.36
C2,62,-2022.31
C2,63,-914.64
C2,64,1779.03
C2,65,-1788.97
C2,66,274.03
C2,67,-347.97
C2,68,187.69
C2,69,-205.64
C2,70,-106.97
C2,71,272.03
C2,72,-103.97
C2,73,-93.97
C2,74,36.69
C2,75,-15.31
C2,76,293.03
C2,77,40.36
C2,78,123.69
C2,79,-189.97
C2,80,-126.64
C2,81,132.36
C2,82,-79.64
C2,83,92.03
C2,84,-248.97
C2,85,-157.97
C2,86,-217.31
C2,87,-1.97
C2,88,-62.64
C2,89,36.03
C2,90,-53.31
C2,91,86.36
C2,92,35.36
C2,93,1.36
C2,94,59.03
C2,95,-1146.97
C2,96,-41.64
C2,97,238.69
C2,98,-176.97
C2,99,-210.31
C5,0,3944.5
C5,1,1117.5
C5,2,893.5
C5,3,906.17
C5,4,-415.17
C5,5,-62.17
C5,6,1112.17
C5,7,-132.17
C5,8,261.5
C5,9,875.5
C5,10,483.5
C5,11,-1398.83
C5,12,-199.83
C5,13,-3964.83
C5,14,-1643.5
C5,15,70.17
C5,16,-1182.17
C5,17,-1649.17
C5,18,-2828.83
C5,19,1433.5
C5,20,818.83
C5,21,-237.17
C5,22,-1324.17
C5,23,1124.83
C5,24,1335.17
C5,25,1380.17
C5,26,-1559.83
C5,27,-1014.17
C5,28,-869.83
C5,29,-830.83
C5,30,102.17
C5,31,583.17
C5,32,-1855.83
C5,33,1531.83
C5,34,286.5
C5,35,-699.17
C5,36,488.17
C5,37,1158.83
C5,38,1709.17
C5,39,795.5
C5,40,76.5
C5,41,-1474.83
C5,42,-3248.83
C5,43,-1096.83
C5,44,322.83
C5,45,-764.17
C5,46,-878.83
C5,47,859.83
C5,48,90.5
C5,49,2723.17
C5,50,2058.17
C5,51,-572.17
C5,52,-4657.17
C5,53,-417.5
C5,54,3397.5
C5,55,36.17
C5,56,-304.83
C5,57,-1740.17
C5,58,-1955.5
C5,59,160.17
C5,60,3426.17
C5,61,253.17
C5,62,-2130.83
C5,63,-1996.83
C5,64,1208.5
C5,65,-620.83
C5,66,2769.83
C5,67,-5883.5
C5,68,-1488.17
C5,69,-458.5
C5,70,1243.5
C5,71,-239.83
C5,72,-728.5
C5,73,275.83
C5,74,-341.5
C5,75,388.5
C5,76,77.5
C5,77,108.83
C5,78,-8.5
C5,79,253.17
C5,80,-301.5
C5,81,-88.83
C5,82,-460.5
C5,83,-21.83
C5,84,-54.83
C5,85,52.83
C5,86,-165.17
C5,87,-141.5
C5,88,-165.17
C5,89,-82.83
C5,90,33.83
C5,91,-9.5
C5,92,185.5
C5,93,-159.5
C5,94,56.17
C5,95,-24.5
C5,96,-106.83
C5,97,88.5
C5,98,-379.83
C5,99,-34.17
C5,0,3298.56
C5,1,-1718.11
C5,2,-689.11
C5,3,192.56
C5,4,-252.44
C5,5,-428.44
C5,6,-173.77
C5,7,634.56
C5,8,1376.23
C5,9,1040.89
C5,10,-380.44
C5,11,240.23
C5,12,1340.56
C5,13,-2685.44
C5,14,-1856.77
C5,15,-1806.77
C5,16,-2401.11
C5,17,958.23
C5,18,1743.23
C5,19,-1639.11
C5,20,650.56
C5,21,851.89
C5,22,872.56
C5,23,-349.11
C5,24,-544.77
C5,25,-671.77
C5,26,836.89
C5,27,-27.77
C5,28,1106.23
C5,29,-4246.44
C5,30,1336.56
C5,31,507.89
C5,32,969.23
C5,33,-719.11
C5,34,341.23
C5,35,730.89
C5,36,-231.77
C5,37,-496.77
C5,38,409.89
C5,39,-859.11
C5,40,-446.77
C5,41,-3049.44
C5,42,-2828.77
C5,43,144.56
C5,44,-26.44
C5,45,1272.23
C5,46,-1143.44
C5,47,-630.11
C5,48,2069.56
C5,49,1628.56
C5,50,2749.56
C5,51,3463.23
C5,52,-1417.77
C5,53,-1424.11
C5,54,-4827.77
C5,55,-665.11
C5,56,1629.89
C5,57,840.89
C5,58,-239.11
C5,59,-3581.11
C5,60,-694.44
C5,61,2156.89
C5,62,2248.56
C5,63,-125.77
C5,64,2145.89
C5,65,2436.89
C5,66,-4023.11
C5,67,-5367.11
C5,68,-296.44
C5,69,-154.77
C5,70,-518.77
C5,71,-318.11
C5,72,3.56
C5,73,-255.44
C5,74,-110.77
C5,75,37.89
C5,76,-308.77
C5,77,-31.77
C5,78,-432.11
C5,79,-176.44
C5,80,-501.44
C5,81,332.56
C5,82,153.89
C5,83,-348.11
C5,84,18.23
C5,85,323.89
C5,86,-195.44
C5,87,-71.11
C5,88,285.56
C5,89,-55.77
C5,90,-264.11
C5,91,195.89
C5,92,231.23
C5,93,274.56
C5,94,-1.77
C5,95,575.89
C5,96,21.89
C5,97,-674.11
C5,98,529.89
C5,99,-257.11
C5,0,-4109.35
C5,1,-139.68
C5,2,-353.35
C5,3,1039.65
C5,4,1536.99
C5,5,-541.01
C5,6,131.32
C5,7,165.99
C5,8,139.65
C5,9,-485.35
C5,10,-141.35
C5,11,-1535.35
C5,12,-317.35
C5,13,-1068.68
C5,14,-1985.68
C5,15,-1633.01
C5,16,-574.35
C5,17,348.65
C5,18,877.99
C5,19,-2929.68
C5,20,-1087.68
C5,21,-105.01
C5,22,2715.65
C5,23,1158.65
C5,24,-1662.35
C5,25,-3125.68
C5,26,-1466.68
C5,27,416.65
C5,28,1042.32
C5,29,343.99
C5,30,-795.35
C5,31,2979.99
C5,32,-813.68
C5,33,-723.68
C5,34,-51.01
C5,35,-996.01
C5,36,-1359.35
C5,37,-2679.35
C5,38,1750.32
C5,39,3239.32
C5,40,1307.65
C5,41,-1411.68
C5,42,-914.68
C5,43,-1109.01
C5,44,224.65
C5,45,-1894.01
C5,46,-2398.01
C5,47,643.32
C5,48,1780.32
C5,49,3581.32
C5,50,-816.35
C5,51,-161.68
C5,52,-77.35
C5,53,372.65
C5,54,352.65
C5,55,58.99
C5,56,-2049.35
C5,57,-1941.01
C5,58,944.99
C5,59,2410.65
C5,60,-391.35
C5,61,-799.01
C5,62,-1111.68
C5,63,-2687.68
C5,64,2403.32
C5,65,707.32
C5,66,-284.01
C5,67,-553.35
C5,68,16.99
C5,69,41.32
C5,70,676.99
C5,71,-189.01
C5,72,23.65
C5,73,143.65
C5,74,-390.35
C5,75,-871.01
C5,76,-439.35
C5,77,-80.35
C5,78,272.32
C5,79,-929.68
C5,80,-443.68
C5,81,-44.01
C5,82,1046.99
C5,83,730.32
C5,84,-911.35
C5,85,-301.01
C5,86,-216.35
C5,87,-252.68
C5,88,250.32
C5,89,381.65
C5,90,135.65
C5,91,113.99
C5,92,-239.68
C5,93,368.32
C5,94,338.99
C5,95,-851.35
C5,96,-434.35
C5,97,-127.01
C5,98,-678.01
C5,99,652.32
C5,0,-5479.38
C5,1,-2312.38
C5,2,149.29
C5,3,15.62
C5,4,-601.05
C5,5,-1379.05
C5,6,-49.05
C5,7,201.29
C5,8,-37.38
C5,9,877.29
C5,10,-164.38
C5,11,-2302.38
C5,12,710.62
C5,13,2756.95
C5,14,1756.62
C5,15,1357.29
C5,16,-757.71
C5,17,-1142.38
C5,18,-1092.38
C5,19,1316.62
C5,20,1018.95
C5,21,-811.38
C5,22,-1397.71
C5,23,-113.38
C5,24,-795.38
C5,25,-132.71
C5,26,909.29
C5,27,-633.38
C5,28,-528.05
C5,29,-401.71
C5,30,2303.95
C5,31,-1527.05
C5,32,-1023.05
C5,33,-1397.71
C5,34,790.62
C5,35,-589.38
C5,36,-1499.05
C5,37,314.29
C5,38,1951.29
C5,39,1385.95
C5,40,-273.71
C5,41,-516.05
C5,42,-131.05
C5,43,-446.38
C5,44,-2755.71
C5,45,-71.38
C5,46,621.29
C5,47,1264.29
C5,48,-298.05
C5,49,-1091.71
C5,50,-1026.05
C5,51,1066.95
C5,52,2493.29
C5,53,-1621.05
C5,54,-1063.71
C5,55,-2840.38
C5,56,-2543.71
C5,57,1148.95
C5,58,2589.29
C5,59,2954.29
C5,60,-477.38
C5,61,909.95
C5,62,1883.95
C5,63,1503.29
C5,64,110.62
C5,65,-537.05
C5,66,-511.38
C5,67,4305.29
C5,68,419.62
C5,69,-211.38
C5,70,60.95
C5,71,-754.71
C5,72,-695.38
C5,73,930.95
C5,74,-283.05
C5,75,-144.05
C5,76,-340.71
C5,77,-158.38
C5,78,-395.38
C5,79,105.62
C5,80,422.29
C5,81,236.62
C5,82,83.29
C5,83,-13.05
C5,84,-437.71
C5,85,8.62
C5,86,-181.05
C5,87,127.29
C5,88,164.95
C5,89,126.95
C5,90,-212.71
C5,91,378.95
C5,92,87.62
C5,93,345.29
C5,94,-105.05
C5,95,-415.71
C5,96,-596.05
C5,97,29.95
C5,98,-97.71
C5,99,-252.05
C5,0,-4831.35
C5,1,-3245.02
C5,2,21.98
C5,3,-162.69
C5,4,-233.02
C5,5,38.65
C5,6,136.65
C5,7,-219.02
C5,8,-1801.02
C5,9,483.65
C5,10,-1796.02
C5,11,-3594.02
C5,12,110.98
C5,13,-245.02
C5,14,1888.98
C5,15,107.31
C5,16,-2918.69
C5,17,-2016.02
C5,18,-452.02
C5,19,431.65
C5,20,-251.69
C5,21,1194.31
C5,22,609.98
C5,23,2397.31
C5,24,-1250.02
C5,25,784.31
C5,26,1472.98
C5,27,-2643.02
C5,28,-979.02
C5,29,-223.02
C5,30,2475.31
C5,31,1579.31
C5,32,-1947.02
C5,33,317.98
C5,34,543.31
C5,35,1531.65
C5,36,1872.65
C5,37,3379.31
C5,38,710.65
C5,39,-570.02
C5,40,-1056.02
C5,41,-490.35
C5,42,808.65
C5,43,-536.02
C5,44,-1299.69
C5,45,-1017.02
C5,46,-513.35
C5,47,-423.69
C5,48,1703.65
C5,49,2076.31
C5,50,-569.35
C5,51,503.31
C5,52,-1130.35
C5,53,782.31
C5,54,2540.65
C5,55,576.98
C5,56,1083.31
C5,57,-1418.35
C5,58,-453.69
C5,59,960.31
C5,60,706.65
C5,61,-147.69
C5,62,-203.69
C5,63,1940.65
C5,64,-783.69
C5,65,422.98
C5,66,-1693.02
C5,67,429.31
C5,68,-510.69
C5,69,-1091.69
C5,70,184.98
C5,71,-37.69
C5,72,110.65
C5,73,-136.02
C5,74,30.31
C5,75,-132.02
C5,76,-117.02
C5,77,-122.35
C5,78,-44.35
C5,79,-270.35
C5,80,33.98
C5,81,-273.02
C5,82,95.98
C5,83,-103.02
C5,84,-144.69
C5,85,-54.35
C5,86,184.65
C5,87,516.31
C5,88,-368.35
C5,89,534.98
C5,90,-151.35
C5,91,-91.02
C5,92,73.65
C5,93,-83.02
C5,94,-115.35
C5,95,-162.02
C5,96,102.31
C5,97,927.65
C5,98,45.98
C5,99,-157.02
C5,0,-4628.92
C5,1,1821.08
C5,2,1853.75
C5,3,-817.59
C5,4,13.41
C5,5,-68.92
C5,6,-47.92
C5,7,-237.59
C5,8,94.75
C5,9,178.08
C5,10,116.75
C5,11,-192.92
C5,12,-430.59
C5,13,-1294.59
C5,14,439.08
C5,15,1173.08
C5,16,1060.08
C5,17,-1482.92
C5,18,2066.08
C5,19,-5085.25
C5,20,-778.25
C5,21,-2449.59
C5,22,487.08
C5,23,1510.08
C5,24,-1443.59
C5,25,-3097.59
C5,26,-1633.92
C5,27,-1132.59
C5,28,1049.75
C5,29,-112.92
C5,30,-849.59
C5,31,131.75
C5,32,2299.41
C5,33,-1928.25
C5,34,-1416.25
C5,35,1194.41
C5,36,-1299.25
C5,37,-2935.92
C5,38,-1714.25
C5,39,1977.08
C5,40,1950.41
C5,41,1865.75
C5,42,1087.41
C5,43,-729.92
C5,44,-1029.25
C5,45,224.08
C5,46,59.41
C5,47,-692.59
C5,48,635.75
C5,49,-4361.92
C5,50,-4250.92
C5,51,-2313.59
C5,52,1601.75
C5,53,3174.75
C5,54,1739.75
C5,55,472.08
C5,56,126.08
C5,57,-1311.25
C5,58,-3475.59
C5,59,-2714.59
C5,60,1732.41
C5,61,973.41
C5,62,62.75
C5,63,62.75
C5,64,1817.08
C5,65,1540.41
C5,66,223.41
C5,67,-788.25
C5,68,2639.75
C5,69,-8686.25
C5,70,3152.75
C5,71,7319.75
C5,72,-3245.25
C5,73,4165.08
C5,74,-3922.92
C5,75,298.75
C5,76,430.75
C5,77,221.41
C5,78,-16.25
C5,79,-100.25
C5,80,302.41
C5,81,906.75
C5,82,88.08
C5,83,-243.25
C5,84,139.08
C5,85,-211.25
C5,86,-170.25
C5,87,-163.92
C5,88,7.41
C5,89,110.75
C5,90,-42.59
C5,91,72.08
C5,92,-177.92
C5,93,184.41
C5,94,-151.59
C5,95,-79.25
C5,96,144.41
C5,97,151.08
C5,98,-56.59
C5,99,-227.59
C5,0,-3594.11
C5,1,-32.45
C5,2,-424.45
C5,3,-173.78
C5,4,-18.45
C5,5,106.22
C5,6,-403.78
C5,7,1.89
C5,8,-83.45
C5,9,245.55
C5,10,772.89
C5,11,1183.22
C5,12,-1748.78
C5,13,-4275.78
C5,14,-1537.11
C5,15,291.55
C5,16,-714.45
C5,17,416.55
C5,18,-354.78
C5,19,-1237.45
C5,20,2475.22
C5,21,4616.89
C5,22,2043.89
C5,23,-1723.45
C5,24,-974.78
C5,25,-456.45
C5,26,-8819.45
C5,27,-1986.11
C5,28,728.55
C5,29,1768.22
C5,30,-1053.45
C5,31,-2236.11
C5,32,-1890.45
C5,33,-752.11
C5,34,953.89
C5,35,1059.89
C5,36,-451.78
C5,37,2422.89
C5,38,1558.55
C5,39,740.55
C5,40,1030.22
C5,41,-607.45
C5,42,4555.22
C5,43,-2488.78
C5,44,592.22
C5,45,-2387.11
C5,46,-556.45
C5,47,968.55
C5,48,556.22
C5,49,161.89
C5,50,3859.55
C5,51,2694.22
C5,52,1849.22
C5,53,2800.22
C5,54,-1349.11
C5,55,1028.89
C5,56,2021.55
C5,57,1010.89
C5,58,-1096.45
C5,59,832.22
C5,60,979.55
C5,61,5276.22
C5,62,-1049.11
C5,63,-1484.78
C5,64,620.55
C5,65,-7567.45
C5,66,200.22
C5,67,-1300.78
C5,68,249.55
C5,69,562.55
C5,70,584.89
C5,71,-61.11
C5,72,-108.78
C5,73,-74.78
C5,74,-118.78
C5,75,-115.45
C5,76,-491.45
C5,77,-30.45
C5,78,-8.78
C5,79,-172.78
C5,80,-259.78
C5,81,-159.45
C5,82,-5.78
C5,83,-165.11
C5,84,-340.45
C5,85,-82.11
C5,86,-309.78
C5,87,383.22
C5,88,-11.45
C5,89,-67.45
C5,90,-341.78
C5,91,451.89
C5,92,-313.45
C5,93,-1157.45
C5,94,-89.45
C5,95,-143.45
C5,96,-166.11
C5,97,171.89
C5,98,575.22
C5,99,-107.11
C5,0,-3824.87
C5,1,-2106.2
C5,2,-184.87
C5,3,-989.87
C5,4,-196.87
C5,5,52.13
C5,6,-300.53
C5,7,325.13
C5,8,-462.53
C5,9,244.8
C5,10,2224.47
C5,11,1132.47
C5,12,42.13
C5,13,-1194.87
C5,14,222.47
C5,15,-440.87
C5,16,-299.53
C5,17,-289.53
C5,18,-819.2
C5,19,1024.47
C5,20,519.13
C5,21,-1332.2
C5,22,-1540.53
C5,23,-619.87
C5,24,266.8
C5,25,-1268.87
C5,26,-1752.87
C5,27,2277.47
C5,28,584.8
C5,29,-2911.53
C5,30,855.47
C5,31,-1300.2
C5,32,-3580.53
C5,33,-3721.53
C5,34,580.13
C5,35,2543.47
C5,36,3995.8
C5,37,1155.13
C5,38,-1386.2
C5,39,-1210.53
C5,40,2258.8
C5,41,1238.47
C5,42,2978.13
C5,43,441.47
C5,44,-2939.2
C5,45,-4700.87
C5,46,-1690.2
C5,47,-1995.87
C5,48,1788.13
C5,49,2639.47
C5,50,-406.87
C5,51,-216.53
C5,52,-2122.53
C5,53,-2793.2
C5,54,-2066.87
C5,55,379.8
C5,56,-353.87
C5,57,841.47
C5,58,-72.87
C5,59,3383.13
C5,60,1493.8
C5,61,101.13
C5,62,154.8
C5,63,1234.47
C5,64,3508.8
C5,65,-7522.2
C5,66,938.47
C5,67,727.8
C5,68,754.8
C5,69,491.47
C5,70,-462.53
C5,71,77.13
C5,72,-174.53
C5,73,-385.87
C5,74,-128.2
C5,75,-92.53
C5,76,73.8
C5,77,-383.87
C5,78,87.8
C5,79,372.47
C5,80,121.8
C5,81,-236.2
C5,82,183.47
C5,83,-256.87
C5,84,-234.53
C5,85,163.47
C5,86,46.13
C5,87,404.13
C5,88,-117.2
C5,89,-112.87
C5,90,-116.2
C5,91,823.8
C5,92,-174.53
C5,93,-324.87
C5,94,-422.2
C5,95,-23.2
C5,96,-954.2
C5,97,122.47
C5,98,-210.2
C5,99,216.13
C5,0,-4216.41
C5,1,-527.41
C5,2,283.59
C5,3,604.92
C5,4,-57.41
C5,5,271.92
C5,6,-63.75
C5,7,-695.41
C5,8,-191.75
C5,9,11.92
C5,10,-235.41
C5,11,1697.25
C5,12,1400.25
C5,13,-673.41
C5,14,-2600.75
C5,15,-1082.41
C5,16,1356.25
C5,17,1301.92
C5,18,975.92
C5,19,80.59
C5,20,-3456.08
C5,21,-13.75
C5,22,1713.25
C5,23,-1730.41
C5,24,408.92
C5,25,403.59
C5,26,-5238.41
C5,27,970.92
C5,28,-2517.08
C5,29,1206.25
C5,30,1136.25
C5,31,-34.41
C5,32,-1757.08
C5,33,462.92
C5,34,867.59
C5,35,-45.08
C5,36,1528.59
C5,37,-593.41
C5,38,-2690.41
C5,39,-2183.41
C5,40,867.59
C5,41,-264.08
C5,42,1989.92
C5,43,1603.59
C5,44,247.59
C5,45,994.59
C5,46,-1066.75
C5,47,-855.75
C5,48,-138.41
C5,49,-236.08
C5,50,-78.75
C5,51,2496.25
C5,52,979.25
C5,53,-151.08
C5,54,-1700.08
C5,55,-1504.41
C5,56,981.92
C5,57,-815.41
C5,58,-409.41
C5,59,-122.41
C5,60,384.92
C5,61,971.92
C5,62,2013.25
C5,63,1226.92
C5,64,536.92
C5,65,-606.41
C5,66,-1178.41
C5,67,4007.25
C5,68,-1989.75
C5,69,-1368.75
C5,70,645.59
C5,71,-1313.41
C5,72,899.59
C5,73,-265.08
C5,74,-1344.75
C5,75,-437.08
C5,76,-98.41
C5,77,-229.41
C5,78,412.59
C5,79,20.92
C5,80,243.92
C5,81,-145.08
C5,82,45.59
C5,83,89.92
C5,84,354.59
C5,85,-259.75
C5,86,1665.92
C5,87,24.25
C5,88,952.25
C5,89,-371.08
C5,90,-138.08
C5,91,60.92
C5,92,-95.08
C5,93,-193.41
C5,94,-146.41
C5,95,478.25
C5,96,-239.75
C5,97,16.25
C5,98,-28.75
C5,99,79.25
C5,0,-4395.63
C5,1,128.04
C5,2,1306.37
C5,3,756.04
C5,4,-462.96
C5,5,-162.96
C5,6,-211.96
C5,7,102.37
C5,8,-233.29
C5,9,-99.96
C5,10,1120.71
C5,11,311.71
C5,12,-3027.96
C5,13,-5375.29
C5,14,1527.71
C5,15,-5870.63
C5,16,-1676.96
C5,17,924.71
C5,18,-1255.29
C5,19,717.71
C5,20,589.37
C5,21,1585.04
C5,22,-140.29
C5,23,-1789.29
C5,24,-1822.63
C5,25,-241.96
C5,26,-6729.29
C5,27,841.71
C5,28,515.71
C5,29,-678.29
C5,30,1790.37
C5,31,-5158.63
C5,32,61.37
C5,33,-673.29
C5,34,1894.04
C5,35,1929.71
C5,36,-1644.96
C5,37,-4059.63
C5,38,759.04
C5,39,-167.63
C5,40,2703.71
C5,41,976.04
C5,42,87.04
C5,43,1306.71
C5,44,-365.29
C5,45,-1052.96
C5,46,-1155.63
C5,47,-3809.63
C5,48,3402.71
C5,49,-4082.96
C5,50,-228.29
C5,51,-2754.63
C5,52,-2283.96
C5,53,-1441.96
C5,54,1349.04
C5,55,2618.71
C5,56,1294.04
C5,57,152.37
C5,58,1837.71
C5,59,-6777.63
C5,60,3301.04
C5,61,482.71
C5,62,163.37
C5,63,-289.63
C5,64,20.04
C5,65,-7018.29
C5,66,-550.63
C5,67,-731.63
C5,68,-417.63
C5,69,607.04
C5,70,-224.29
C5,71,-46.63
C5,72,95.37
C5,73,80.37
C5,74,-19.96
C5,75,-144.96
C5,76,17.04
C5,77,-180.63
C5,78,38.04
C5,79,-58.29
C5,80,-226.96
C5,81,-71.29
C5,82,144.71
C5,83,-59.63
C5,84,-86.29
C5,85,144.04
C5,86,-102.63
C5,87,-402.96
C5,88,-66.96
C5,89,317.04
C5,90,-130.29
C5,91,-198.29
C5,92,-120.63
C5,93,-335.96
C5,94,147.37
C5,95,-100.63
C5,96,110.04
C5,97,-142.63
C5,98,-402.29
C5,99,-25.96
C6,0,-5242.07
C6,1,-8356.41
C6,2,3534.93
C6,3,-3100.41
C6,4,423.93
C6,5,-930.74
C6,6,-1116.41
C6,7,-458.41
C6,8,595.26
C6,9,449.26
C6,10,-1911.41
C6,11,-3150.74
C6,12,-1270.41
C6,13,-739.74
C6,14,1028.59
C6,15,5024.26
C6,16,-2019.07
C6,17,4613.93
C6,18,-950.74
C6,19,-1321.74
C6,20,1985.26
C6,21,-1365.07
C6,22,-263.07
C6,23,5812.59
C6,24,3468.26
C6,25,-1663.07
C6,26,-3246.74
C6,27,4442.93
C6,28,-1410.07
C6,29,-1809.74
C6,30,5296.59
C6,31,-1775.74
C6,32,-1746.07
C6,33,-129.07
C6,34,-20.74
C6,35,2004.59
C6,36,-2037.74
C6,37,3217.93
C6,38,-1379.41
C6,39,-3208.41
C6,40,4005.93
C6,41,-2221.41
C6,42,190.93
C6,43,-479.41
C6,44,-3114.74
C6,45,-1457.74
C6,46,1838.59
C6,47,-5762.74
C6,48,1383.93
C6,49,-880.74
C6,50,-2347.41
C6,51,216.59
C6,52,941.59
C6,53,-2552.41
C6,54,3927.93
C6,55,-2675.41
C6,56,-1410.07
C6,57,5292.59
C6,58,-2920.41
C6,59,-3234.74
C6,60,-1400.41
C6,61,-2247.07
C6,62,5683.93
C6,63,-2345.74
C6,64,-3789.74
C6,65,-2146.74
C6,66,4248.26
C6,67,4682.59
C6,68,1683.93
C6,69,-3833.41
C6,70,-6033.41
C6,71,-499.74
C6,72,8151.93
C6,73,4225.59
C6,74,-3791.74
C6,75,-1948.74
C6,76,-9310.41
C6,77,2891.26
C6,78,2807.26
C6,79,48.26
C6,80,-6422.07
C6,81,3635.59
C6,82,7436.26
C6,83,1066.26
C6,84,-3830.74
C6,85,-199.74
C6,86,2062.59
C6,87,1383.93
C6,88,26.59
C6,89,-2150.07
C6,90,31.93
C6,91,120.59
C6,92,798.59
C6,93,341.26
C6,94,-2175.74
C6,95,495.59
C6,96,-2250.74
C6,97,1668.93
C6,98,-2366.07
C6,99,615.59
C6,0,-3737.73
C6,1,-12055.4
C6,2,1596.93
C6,3,1854.6
C6,4,-1553.07
C6,5,-4661.4
C6,6,2136.6
C6,7,-756.07
C6,8,3251.27
C6,9,-2974.4
C6,10,1702.93
C6,11,-1125.73
C6,12,-2202.73
C6,13,-53.07
C6,14,-542.4
C6,15,-253.73
C6,16,321.27
C6,17,-2104.07
C6,18,1012.6
C6,19,-2944.4
C6,20,259.27
C6,21,-1375.73
C6,22,-3663.07
C6,23,-960.07
C6,24,-1998.4
C6,25,-2254.07
C6,26,6182.27
C6,27,2747.6
C6,28,4620.6
C6,29,-1201.07
C6,30,937.6
C6,31,-1622.4
C6,32,1935.93
C6,33,7545.27
C6,34,-3530.07
C6,35,3284.6
C6,36,-186.73
C6,37,-3673.4
C6,38,-3009.4
C6,39,-564.07
C6,40,677.93
C6,41,2282.93
C6,42,4802.27
C6,43,105.6
C6,44,4753.93
C6,45,-1472.07
C6,46,2734.93
C6,47,-2390.07
C6,48,-712.4
C6,49,-1200.4
C6,50,2568.6
C6,51,3232.27
C6,52,-4417.73
C6,53,-2330.07
C6,54,-10.07
C6,55,-1308.07
C6,56,7538.27
C6,57,2012.6
C6,58,-3065.07
C6,59,-2086.4
C6,60,-2874.4
C6,61,-2549.4
C6,62,3588.27
C6,63,6390.6
C6,64,39.93
C6,65,-3245.4
C6,66,-2611.4
C6,67,4097.6
C6,68,3855.6
C6,69,-1833.4
C6,70,-2549.07
C6,71,-366.73
C6,72,678.27
C6,73,3271.27
C6,74,-3862.4
C6,75,1817.27
C6,76,-2544.4
C6,77,1923.27
C6,78,-898.73
C6,79,860.93
C6,80,907.27
C6,81,-852.07
C6,82,-975.07
C6,83,2827.27
C6,84,-2253.73
C6,85,2605.93
C6,86,-1219.73
C6,87,4045.6
C6,88,-1040.4
C6,89,302.27
C6,90,1008.93
C6,91,983.6
C6,92,-1937.07
C6,93,2020.27
C6,94,-2100.73
C6,95,2615.6
C6,96,-1995.07
C6,97,-342.07
C6,98,-1438.07
C6,99,4234.93
C6,0,-4651.87
C6,1,-6974.2
C6,2,1083.47
C6,3,-643.87
C6,4,-1165.53
C6,5,301.13
C6,6,128.47
C6,7,44.13
C6,8,-171.53
C6,9,434.13
C6,10,-2187.2
C6,11,-1622.87
C6,12,-3868.53
C6,13,2463.13
C6,14,4035.8
C6,15,-4697.2
C6,16,1534.8
C6,17,2024.47
C6,18,-2185.2
C6,19,798.47
C6,20,-3244.2
C6,21,1795.13
C6,22,3196.8
C6,23,864.13
C6,24,2372.47
C6,25,-409.2
C6,26,-699.53
C6,27,-3059.53
C6,28,-1952.2
C6,29,-1927.87
C6,30,1065.8
C6,31,3869.47
C6,32,-5269.53
C6,33,-688.53
C6,34,1036.13
C6,35,-629.53
C6,36,-3823.87
C6,37,1573.8
C6,38,-3855.87
C6,39,1163.8
C6,40,-2226.87
C6,41,1385.47
C6,42,3861.8
C6,43,-7468.2
C6,44,2515.47
C6,45,2622.47
C6,46,-3441.87
C6,47,-3606.2
C6,48,-175.2
C6,49,4311.47
C6,50,-4439.53
C6,51,2715.8
C6,52,3289.13
C6,53,1687.47
C6,54,-2510.87
C6,55,-145.87
C6,56,-2117.2
C6,57,-4481.2
C6,58,-955.2
C6,59,2645.13
C6,60,3848.13
C6,61,-3222.87
C6,62,343.13
C6,63,-2412.53
C6,64,-1657.53
C6,65,1779.47
C6,66,3015.47
C6,67,-3651.2
C6,68,-2624.53
C6,69,5527.8
C6,70,2485.47
C6,71,-1308.53
C6,72,2288.47
C6,73,-1654.53
C6,74,660.47
C6,75,-2570.53
C6,76,3469.13
C6,77,1981.47
C6,78,-4588.87
C6,79,680.8
C6,80,-4361.87
C6,81,1317.13
C6,82,1021.13
C6,83,212.8
C6,84,2157.8
C6,85,-3025.2
C6,86,1308.47
C6,87,-842.2
C6,88,1574.8
C6,89,868.47
C6,90,2085.8
C6,91,-5521.87
C6,92,1518.13
C6,93,-2308.87
C6,94,940.8
C6,95,-735.2
C6,96,1033.8
C6,97,313.13
C6,98,680.47
C6,99,-813.2
C6,0,-4226.51
C6,1,-3196.17
C6,2,-1434.51
C6,3,-544.84
C6,4,-757.17
C6,5,32.83
C6,6,66.83
C6,7,-32.17
C6,8,275.49
C6,9,-2833.17
C6,10,757.49
C6,11,-341.84
C6,12,454.16
C6,13,-2229.17
C6,14,2377.83
C6,15,724.49
C6,16,1077.16
C6,17,-810.84
C6,18,-1942.84
C6,19,-1731.17
C6,20,98.49
C6,21,48.16
C6,22,-256.17
C6,23,1747.49
C6,24,764.49
C6,25,-0.17
C6,26,-1277.84
C6,27,-1232.51
C6,28,-865.51
C6,29,1706.83
C6,30,-2807.17
C6,31,-895.51
C6,32,1797.16
C6,33,-451.17
C6,34,-784.84
C6,35,-2325.51
C6,36,63.49
C6,37,799.83
C6,38,144.16
C6,39,-916.51
C6,40,798.83
C6,41,-591.17
C6,42,942.83
C6,43,-1482.51
C6,44,1296.16
C6,45,326.83
C6,46,-1559.51
C6,47,142.83
C6,48,-834.84
C6,49,1078.83
C6,50,332.49
C6,51,-2023.84
C6,52,-1005.17
C6,53,1699.16
C6,54,-1130.51
C6,55,-1693.51
C6,56,1571.16
C6,57,166.83
C6,58,-1489.17
C6,59,765.16
C6,60,582.49
C6,61,203.83
C6,62,609.83
C6,63,-465.51
C6,64,-869.84
C6,65,3135.83
C6,66,3636.83
C6,67,-2319.51
C6,68,-3928.84
C6,69,3655.83
C6,70,1633.83
C6,71,2189.83
C6,72,-4274.17
C6,73,506.49
C6,74,-172.84
C6,75,490.83
C6,76,1610.16
C6,77,-183.51
C6,78,-55.51
C6,79,-76.17
C6,80,18.49
C6,81,-54.17
C6,82,-44.84
C6,83,-29.84
C6,84,-50.84
C6,85,-104.51
C6,86,-29.17
C6,87,-33.84
C6,88,-98.84
C6,89,88.16
C6,90,1132.49
C6,91,-2357.17
C6,92,-566.84
C6,93,-400.17
C6,94,-51.51
C6,95,-85.17
C6,96,-52.51
C6,97,-98.17
C6,98,-256.17
C6,99,-129.17
C6,0,-4201.97
C6,1,-10816.3
C6,2,2285.03
C6,3,1677.37
C6,4,-4506.3
C6,5,1929.7
C6,6,877.37
C6,7,-1849.63
C6,8,294.7
C6,9,-2634.3
C6,10,-1044.97
C6,11,-766.97
C6,12,428.03
C6,13,-266.97
C6,14,-1296.3
C6,15,152.37
C6,16,13.03
C6,17,246.7
C6,18,80.03
C6,19,-1965.97
C6,20,939.7
C6,21,1473.7
C6,22,-968.3
C6,23,-711.3
C6,24,-495.63
C6,25,-958.97
C6,26,-275.3
C6,27,606.37
C6,28,148.03
C6,29,-2036.3
C6,30,-1848.97
C6,31,4279.37
C6,32,599.03
C6,33,-3985.97
C6,34,3201.7
C6,35,-230.97
C6,36,790.7
C6,37,79.7
C6,38,-1406.3
C6,39,2591.03
C6,40,3258.37
C6,41,-6342.63
C6,42,-648.63
C6,43,2136.7
C6,44,1082.37
C6,45,-106.63
C6,46,-127.97
C6,47,53.7
C6,48,-1093.3
C6,49,716.7
C6,50,428.37
C6,51,184.7
C6,52,1140.7
C6,53,-1436.63
C6,54,-411.97
C6,55,901.7
C6,56,-798.97
C6,57,1.37
C6,58,-189.3
C6,59,38.7
C6,60,1300.7
C6,61,874.03
C6,62,-284.3
C6,63,-469.63
C6,64,845.7
C6,65,1939.03
C6,66,-1413.97
C6,67,-1880.3
C6,68,5427.03
C6,69,-387.63
C6,70,-1205.97
C6,71,-326.3
C6,72,69.7
C6,73,-172.97
C6,74,-413.63
C6,75,-328.97
C6,76,306.37
C6,77,147.03
C6,78,104.7
C6,79,-176.63
C6,80,-185.3
C6,81,158.03
C6,82,-67.3
C6,83,264.37
C6,84,88.37
C6,85,-331.3
C6,86,56.03
C6,87,20.03
C6,88,127.37
C6,89,143.7
C6,90,-20.63
C6,91,859.37
C6,92,-1175.97
C6,93,-416.3
C6,94,-0.3
C6,95,-210.63
C6,96,-33.97
C6,97,-708.3
C6,98,429.7
C6,99,-278.63
C6,0,-3837.92
C6,1,-8713.92
C6,2,6624.41
C6,3,-2840.25
C6,4,-8651.59
C6,5,6902.08
C6,6,-6864.25
C6,7,-6213.59
C6,8,7691.75
C6,9,-1828.25
C6,10,2229.08
C6,11,-4300.92
C6,12,-5442.25
C6,13,5783.41
C6,14,-2196.59
C6,15,-2153.59
C6,16,3548.75
C6,17,-2888.59
C6,18,-179.59
C6,19,610.75
C6,20,211.75
C6,21,5316.08
C6,22,5849.41
C6,23,-8246.92
C6,24,4688.41
C6,25,-3181.92
C6,26,4979.75
C6,27,-3080.59
C6,28,543.75
C6,29,-3950.92
C6,30,-5558.25
C6,31,1624.08
C6,32,6950.08
C6,33,-4298.25
C6,34,2275.08
C6,35,-2167.25
C6,36,-3218.59
C6,37,4152.08
C6,38,-645.59
C6,39,-4487.59
C6,40,5227.41
C6,41,-3756.92
C6,42,-2028.92
C6,43,4000.41
C6,44,-1589.92
C6,45,-5724.92
C6,46,-4198.25
C6,47,-2000.59
C6,48,-5307.59
C6,49,7898.08
C6,50,-3702.59
C6,51,-5378.59
C6,52,8791.41
C6,53,-640.92
C6,54,-4987.59
C6,55,6278.75
C6,56,-4474.92
C6,57,6667.08
C6,58,-1981.25
C6,59,-8313.92
C6,60,1635.08
C6,61,1213.08
C6,62,-3637.25
C6,63,4185.41
C6,64,-5967.92
C6,65,7403.75
C6,66,-1135.25
C6,67,-1677.25
C6,68,-3159.92
C6,69,1308.41
C6,70,7034.75
C6,71,1083.41
C6,72,558.75
C6,73,-144.59
C6,74,1448.08
C6,75,-1655.59
C6,76,-2738.59
C6,77,233.41
C6,78,987.75
C6,79,-334.59
C6,80,560.08
C6,81,-1902.59
C6,82,945.75
C6,83,1646.41
C6,84,-83.92
C6,85,-92.59
C6,86,1742.75
C6,87,-65.92
C6,88,-44.25
C6,89,-797.92
C6,90,1580.75
C6,91,-996.92
C6,92,236.75
C6,93,1750.75
C6,94,-1116.92
C6,95,115.41
C6,96,195.08
C6,97,-3821.25
C6,98,1793.75
C6,99,-3314.92
C6,0,-4335.69
C6,1,-7482.69
C6,2,-226.69
C6,3,155.31
C6,4,1157.98
C6,5,-4191.35
C6,6,-7857.02
C6,7,1314.31
C6,8,590.31
C6,9,4038.31
C6,10,1691.65
C6,11,-1115.69
C6,12,-1466.35
C6,13,248.31
C6,14,-1049.35
C6,15,-2024.35
C6,16,-1692.02
C6,17,99.31
C6,18,350.65
C6,19,-600.35
C6,20,-558.02
C6,21,554.65
C6,22,1658.65
C6,23,-2856.02
C6,24,-106.02
C6,25,-696.69
C6,26,472.65
C6,27,934.98
C6,28,-1249.35
C6,29,-694.69
C6,30,182.98
C6,31,139.65
C6,32,-465.35
C6,33,489.98
C6,34,2092.65
C6,35,1651.31
C6,36,927.98
C6,37,-2730.02
C6,38,-4287.02
C6,39,2004.65
C6,40,1149.98
C6,41,801.65
C6,42,-625.02
C6,43,589.65
C6,44,-2746.35
C6,45,-3571.02
C6,46,-1596.35
C6,47,-734.69
C6,48,52.98
C6,49,-31.02
C6,50,-1248.69
C6,51,-450.69
C6,52,111.65
C6,53,2206.65
C6,54,591.98
C6,55,493.31
C6,56,-542.02
C6,57,-226.69
C6,58,-171.02
C6,59,55.98
C6,60,619.98
C6,61,-349.35
C6,62,330.98
C6,63,378.65
C6,64,4879.98
C6,65,-4959.02
C6,66,-2400.02
C6,67,-1801.69
C6,68,-2226.02
C6,69,964.31
C6,70,-227.02
C6,71,56.65
C6,72,545.31
C6,73,-511.69
C6,74,-984.69
C6,75,178.65
C6,76,-44.02
C6,77,-386.02
C6,78,-43.69
C6,79,71.98
C6,80,68.98
C6,81,-7.02
C6,82,98.31
C6,83,-134.69
C6,84,112.31
C6,85,-737.69
C6,86,-688.69
C6,87,-348.69
C6,88,537.65
C6,89,1065.65
C6,90,303.31
C6,91,-1860.02
C6,92,-648.02
C6,93,589.65
C6,94,175.98
C6,95,645.31
C6,96,-129.35
C6,97,-1124.02
C6,98,-1520.69
C6,99,-136.35
C6,0,-4643.88
C6,1,-9065.21
C6,2,5074.79
C6,3,5140.45
C6,4,-1644.21
C6,5,6811.79
C6,6,-3390.55
C6,7,4788.45
C6,8,-5210.55
C6,9,5899.45
C6,10,-4605.55
C6,11,2875.45
C6,12,-5021.21
C6,13,2149.79
C6,14,53.45
C6,15,-2277.21
C6,16,794.79
C6,17,1396.12
C6,18,1260.45
C6,19,-6235.88
C6,20,1494.45
C6,21,2419.45
C6,22,363.12
C6,23,-225.21
C6,24,1413.45
C6,25,-468.88
C6,26,82.79
C6,27,-2923.55
C6,28,4678.79
C6,29,-5190.21
C6,30,-1124.55
C6,31,-5988.21
C6,32,4215.45
C6,33,3611.12
C6,34,-2720.21
C6,35,-3463.55
C6,36,2901.79
C6,37,-4434.88
C6,38,2136.79
C6,39,4273.45
C6,40,-4353.88
C6,41,5602.45
C6,42,-845.21
C6,43,2903.12
C6,44,3606.45
C6,45,-4419.88
C6,46,-8894.21
C6,47,4639.79
C6,48,1352.45
C6,49,2958.79
C6,50,557.45
C6,51,-3210.55
C6,52,-5167.55
C6,53,2773.79
C6,54,3539.79
C6,55,2591.45
C6,56,5258.79
C6,57,-5598.55
C6,58,1439.79
C6,59,-1070.88
C6,60,2067.12
C6,61,1117.12
C6,62,1324.12
C6,63,4821.12
C6,64,-6039.21
C6,65,6631.45
C6,66,-3519.55
C6,67,-2700.21
C6,68,-3203.88
C6,69,6753.12
C6,70,-2870.55
C6,71,-4175.21
C6,72,3640.45
C6,73,-4591.88
C6,74,-3357.55
C6,75,7026.45
C6,76,-4288.21
C6,77,-3331.21
C6,78,4083.79
C6,79,2044.12
C6,80,-305.88
C6,81,-2175.55
C6,82,-3359.21
C6,83,1741.12
C6,84,-4171.88
C6,85,-4031.55
C6,86,5001.12
C6,87,1748.45
C6,88,-4142.88
C6,89,-939.88
C6,90,-1869.55
C6,91,5391.79
C6,92,-3274.55
C6,93,-1697.88
C6,94,4349.79
C6,95,312.79
C6,96,-6765.88
C6,97,2451.45
C6,98,1526.45
C6,99,-2399.88
C6,0,-5924.87
C6,1,-7704.54
C6,2,4312.46
C6,3,-1316.87
C6,4,-39.54
C6,5,169.79
C6,6,-146.54
C6,7,-214.87
C6,8,284.46
C6,9,255.46
C6,10,-3287.21
C6,11,-888.54
C6,12,-1007.87
C6,13,131.46
C6,14,678.79
C6,15,-890.21
C6,16,-2879.87
C6,17,275.13
C6,18,375.13
C6,19,465.79
C6,20,-467.87
C6,21,199.13
C6,22,245.79
C6,23,508.13
C6,24,1701.46
C6,25,-837.87
C6,26,-320.87
C6,27,-225.21
C6,28,454.46
C6,29,1278.46
C6,30,744.46
C6,31,2383.46
C6,32,-4954.54
C6,33,-1360.21
C6,34,1557.79
C6,35,769.13
C6,36,522.79
C6,37,228.46
C6,38,106.13
C6,39,798.13
C6,40,554.46
C6,41,214.46
C6,42,-674.21
C6,43,-2163.21
C6,44,-295.54
C6,45,1097.79
C6,46,-1840.87
C6,47,880.79
C6,48,-386.54
C6,49,1513.13
C6,50,316.13
C6,51,-1126.87
C6,52,-1527.21
C6,53,60.46
C6,54,681.13
C6,55,484.13
C6,56,427.79
C6,57,-852.87
C6,58,-570.87
C6,59,80.79
C6,60,-421.87
C6,61,-2056.54
C6,62,171.79
C6,63,-347.87
C6,64,433.13
C6,65,3457.13
C6,66,-2689.54
C6,67,1841.13
C6,68,6.46
C6,69,-271.54
C6,70,-428.21
C6,71,-196.21
C6,72,-134.54
C6,73,-178.87
C6,74,-1.87
C6,75,-97.21
C6,76,-84.54
C6,77,-32.87
C6,78,171.79
C6,79,-70.54
C6,80,213.79
C6,81,35.79
C6,82,-79.21
C6,83,234.13
C6,84,-97.87
C6,85,-73.87
C6,86,100.46
C6,87,-305.87
C6,88,-397.54
C6,89,-205.87
C6,90,-382.54
C6,91,-345.87
C6,92,-2.87
C6,93,-520.87
C6,94,-341.21
C6,95,-79.87
C6,96,-411.21
C6,97,-125.87
C6,98,6.46
C6,99,-419.54
C6,0,-4266.9
C6,1,-308.23
C6,2,-70.9
C6,3,593.1
C6,4,-74.57
C6,5,81.1
C6,6,-17.9
C6,7,-185.9
C6,8,-164.57
C6,9,99.1
C6,10,-7430.57
C6,11,-6404.57
C6,12,4503.77
C6,13,1905.1
C6,14,506.77
C6,15,-5523.57
C6,16,-1189.9
C6,17,4011.77
C6,18,-800.9
C6,19,235.43
C6,20,2889.1
C6,21,1529.43
C6,22,1846.43
C6,23,177.77
C6,24,-545.23
C6,25,-388.23
C6,26,7259.43
C6,27,-398.23
C6,28,-1314.23
C6,29,-280.23
C6,30,932.43
C6,31,-819.9
C6,32,2861.43
C6,33,582.1
C6,34,1381.1
C6,35,-374.9
C6,36,-1308.9
C6,37,6132.77
C6,38,-6825.9
C6,39,8125.77
C6,40,127.1
C6,41,-1461.57
C6,42,-855.9
C6,43,190.43
C6,44,-976.9
C6,45,-441.9
C6,46,-501.57
C6,47,695.1
C6,48,799.77
C6,49,-281.57
C6,50,-912.9
C6,51,81.43
C6,52,-486.23
C6,53,856.77
C6,54,6769.77
C6,55,-3477.9
C6,56,3117.43
C6,57,-3780.9
C6,58,-1626.9
C6,59,5108.43
C6,60,158.43
C6,61,371.43
C6,62,-1894.9
C6,63,-879.23
C6,64,2369.43
C6,65,1908.77
C6,66,-3852.57
C6,67,-2511.9
C6,68,-5295.23
C6,69,-7051.23
C6,70,2324.1
C6,71,10780.43
C6,72,2321.43
C6,73,-459.9
C6,74,-39.23
C6,75,-4684.23
C6,76,1844.1
C6,77,-635.23
C6,78,4999.43
C6,79,3589.77
C6,80,-5676.23
C6,81,-4149.9
C6,82,-6493.23
C6,83,-3007.9
C6,84,-816.23
C6,85,1862.77
C6,86,5701.1
C6,87,182.77
C6,88,128.77
C6,89,-256.57
C6,90,-402.23
C6,91,-166.9
C6,92,-100.57
C6,93,89.1
C6,94,-250.57
C6,95,309.43
C6,96,-173.23
C6,97,338.43
C6,98,208.1
C6,99,-360.57
